編號,姓名,政黨,選區/類別,臉書專頁名稱,平台,貼文日期,摘要,讚數,留言數,貼文連結
1,吳思瑤,民主進步黨,臺北市第一選區,吳思瑤,facebook,2026-10-08,這兩天隨著開學入住宿舍，出現許多對新宿舍運動的分享熱議。 其實去年開學季，社群上就曾湧現一波討論。 這是相當值得開心的事，代表好的政策正被大家看見。 教育部 好政策給補助，我會持續努力讓更多學校加入👍 網路上的正反意見，都是政策倡議的我們，獲得使用者回饋的珍貴資訊來源。 做得好，大家給掌聲送鼓勵，是所有投入者們繼續前進的動力！ 做不好，也請大家不吝給指教，都是讓我們檢視調整、做得更好的機會！ 我在社群上的留言分享，都是出於這樣的初衷。引起紛擾並非我的本意。 期待大家回歸理性的公共政策討論。 當然我更希望，讓事件導向、匯聚成更強大的正能量、善循環。,,,https://www.facebook.com/taipeineedyou
1,吳思瑤,民主進步黨,臺北市第一選區,吳思瑤,facebook,,#新宿舍運動 我們執政的成果，當然要大聲說出來！ 思瑤努力了八年，很想告訴大家這一切得來不易！ 《新宿舍運動》是思瑤2018年開始催生，2019年正式上路的全新政策。 歷經八年努力，十多次質詢、召開超過50場會議，感謝兩任總統、三任行政院長、三任教育部長的認可支持，才能從無到有，逐步推廣。 而這當中，最困難的是排除了法規的限制。 大家可能不相信，過去政府對大學校園建設補助「不包括宿舍」！ 因為舊時代思維，「宿舍不屬於教育空間」「宿舍有自償性，所以經費由各校自籌」。 沒了政府預算投入，過去的宿舍是「有得住就好」，而不講求「有品質的宿舍生活」。 於是我提出「宿舍不只是宿舍」的倡議，爭取《新宿舍運動》，希望讓校園空間導入不同的新想像！新可能！ 為了讓政策更到位，我更飛往美國、歐洲去實地考察，把國際經驗帶回台灣。 從1.0到2.0版，思瑤共爭取到十年83億預算，公私立大學都能加入。 一開始各校半…,,,https://www.facebook.com/taipeineedyou
1,吳思瑤,民主進步黨,臺北市第一選區,吳思瑤,facebook,,我以 台北 沈伯洋 競選總幹事的身分，向大家說明：,,,https://www.facebook.com/taipeineedyou
2,王世堅,民主進步黨,臺北市第二選區,王世堅,facebook,2026-10-06,最近看到對岸解放軍在軍艦甲板上排出「從從容容、游刃有餘」八個大字，坦白說，好的話大家都能用，激勵士氣、展示決心，本來就是他們的自由。 但阿堅也要提醒一句：台灣不是省油的燈。我們的態度，可以從容；我們的準備，也絕對游刃有餘。既然彼此都能「從從容容、游刃有餘」，那更沒有兵戎相見的必要。全人類真正要追求的，是和平，而不是互相放話、窮兵黷武。 台灣三萬多平方公里、2300 萬人；中國九百萬平方公里、十四億人。面對這樣的差距，大者先退一步才叫氣度；要小的先退，那不是禮讓，是投降。兩岸昨天可能是敵人，明天不一定，但今天確實可以在文化、經濟上交流，求同存異，這才是正道。 比起排字、喊口號，「槍已上膛、劍已出鞘」這類話更沒有必要。話講得越絕不會讓你更強，只會讓氣氛更僵。說穿了，後面恐怕接的是「匆匆忙忙、連滾帶爬」——真的不用走到那一步。台灣人熱愛和平、善良厚道，四百年來受過的委屈不比任何民族少。我們會展…,,,https://www.facebook.com/shihchien888/
2,王世堅,民主進步黨,臺北市第二選區,王世堅,facebook,,針對網路上特定假帳號影片惡意造謠、透過AI製作假影片，王世堅辦公室強力譴責！ 該造假影片來源自中國抖音，影片用AI模仿聲音生成，以假亂真，阿堅認為台灣必須要採取行動遏止中國越來越猛烈的認知作戰 ，避免造成更大的國安問題。 影片用惡劣的內容分化台灣，讓許多國人混淆，甚至信以為真。 阿堅在此聲明所有網路言論均只會發布於粉絲專頁與本人帳號，也提醒我們的國人時時提高警覺、明辨真偽、懂得查證，不以訛傳訛、拒絕分享轉傳，即可避免成為中國認知作戰的幫兇。 阿堅奉勸中國不肖網軍，這種認知作戰是無法影響台灣人愛台灣的心，阿堅一定守護台灣奮戰到底！,,,https://www.facebook.com/shihchien888/
3,王鴻薇,中國國民黨,臺北市第三選區,王鴻薇,facebook,2026-10-07,#王鴻薇的法律諮詢服務 我們的法律諮詢10月份總場次為74場！ 平常除了我們的服務處天天有服務，在各里辦公室、宮廟也都有服務據點。歡迎有需要的朋友參考下方的時間表，多加利用！ #無薇不至,,,https://www.facebook.com/hungwei.org/
3,王鴻薇,中國國民黨,臺北市第三選區,王鴻薇,facebook,,高喊自己是受害者的僑委會主委徐佳青，因涉嫌讓丈夫私自駕駛外交部公務車以及讓兒子冒充「攝影官」出國，剛剛確定請辭。徐佳青請辭只有一個原因，因為重創民進黨選情。其實從昨天開始，包括沈伯洋毒品立場大轉彎。都是民進黨為了選舉清理戰場。果不其然，選舉真的治百病。,,,https://www.facebook.com/hungwei.org/
4,李彥秀,中國國民黨,臺北市第四選區,李彥秀,facebook,2026-10-07,台北市115年度公費流感疫苗開始施打！,,,https://www.facebook.com/ashow.tpe/
4,李彥秀,中國國民黨,臺北市第四選區,李彥秀,facebook,,羅智強、王鴻薇、李彥秀、賴士葆、徐巧芯發表反毒共同聲明 要求沈伯洋公開承諾不在社區中心提供毒品,,,https://www.facebook.com/ashow.tpe/
5,吳沛憶,民主進步黨,臺北市第五選區,吳沛憶,facebook,2026-10-07,今日的民主，是一代接一代人努力的成果。 ​,,,https://www.facebook.com/Pay1Pay1/
6,羅智強,中國國民黨,臺北市第六選區,羅智強,facebook,2026-10-08,沈伯洋，背叛了廢死 ​,,,https://www.facebook.com/debatelo/
6,羅智強,中國國民黨,臺北市第六選區,羅智強,facebook,,孩子第一、健康第一 ​ 今天延平中學通報，有1個班級約21名學生出現腹瀉、嘔吐等症狀。 ​ 台北市府獲報後即入校採樣、暫停團膳業者供餐，並協調備援廠商接手。,,,https://www.facebook.com/debatelo/
6,羅智強,中國國民黨,臺北市第六選區,羅智強,facebook,,反對廢死 始終如一 一碰觸沈伯洋的廢死立場，馬上引來大批網路進攻，用當年我任職於總統府時的發言大做文章 我不會閃也不會躲，在這直接回應。,,,https://www.facebook.com/debatelo/
7,徐巧芯,中國國民黨,臺北市第七選區,徐巧芯,facebook,2026-10-07,當有人說：,,,https://www.facebook.com/HsuChiaoHsin/
7,徐巧芯,中國國民黨,臺北市第七選區,徐巧芯,facebook,,瞎掰那麼久，說什麼「作者還沒死」，一口咬定當初說的「在社區中心發放毒品給吸毒者」指的是美沙冬療法，還帶了五十萬大軍洗版別人，那這個是沈伯洋嗎？這一位留言區的「沈伯洋」本人說自己指涉的是溫哥華的「毒品注射屋」，還提到了要「不以懲罰為目的」。,,,https://www.facebook.com/HsuChiaoHsin/
8,賴士葆,中國國民黨,臺北市第八選區,賴士葆,facebook,2026-10-08,新北地院對於土城當街行兇的男子謝文雄只判兩個無期徒刑，判決書當中竟然提到因為「未殺害三人以上」不是犯罪情節最嚴重，這種恐龍法官，如果是因為自己不敢判死那就趁早離職，殺不到三人所以就二個無期徒刑，納稅人還得養著這些喪心病狂的殺人犯到死，如果法官要談仁慈和人權，不如去跪求民進黨政府給個官位好好發揮，不要站在那個需要公理正義的位置浪費生命 ! 這個判決整個社會都無法接受 !,,,https://www.facebook.com/abao.tw/
8,賴士葆,中國國民黨,臺北市第八選區,賴士葆,facebook,,沈伯洋2014發文，說要建立社區中心提供吸毒者毒品和針頭，也表示大麻應該合法化，被質疑在推毒品合法化，同時間索羅斯2014年5月撰文批評全球反毒戰爭昂貴又無效，與沈伯洋發表觀點雷同的文章，而沈伯洋擔任台灣民主實驗室理事長時，曾收索羅斯的開放基金會4300萬資助，除了要搞抗中保台，不免讓人懷疑也要沈伯洋推行毒品除罪化的相同理念？,,,https://www.facebook.com/abao.tw/
9,洪孟楷,中國國民黨,新北市第一選區,洪孟楷,facebook,2026-10-07,為何每次政府都對犯罪者那麼包容？到底跟被害者有什麼仇？,,,https://www.facebook.com/MongKaiHUNG/
9,洪孟楷,中國國民黨,新北市第一選區,洪孟楷,facebook,,查賄不能有灰色地帶！30元查賄門檻標準 紅線必須建立 選舉才能公平！,,,https://www.facebook.com/MongKaiHUNG/
10,林淑芬,民主進步黨,新北市第二選區,林淑芬,facebook,2026-09-30,【淑芬報告｜通過現行法規，撞擊測試卻是零顆星！MG ZS暴露車安標準落差！】,,,https://www.facebook.com/linshufen.fans/
11,李坤城,民主進步黨,新北市第三選區,李坤城,facebook,2026-10-07,謝謝公督盟的評鑑，坤城再次獲得財政委員會優秀委員的肯定 這個會期要繼續努力，希望追加預算及總預算都能順利過關，照顧弱勢的福利津貼跟普發一萬都能快點發給人民！,,,https://www.facebook.com/NewTaipeiCityCouncilor/
11,李坤城,民主進步黨,新北市第三選區,李坤城,facebook,,哈哈 順一下！創刊號順報都是我喜歡的內容，有登山、跑步、運動驛站 ￼,,,https://www.facebook.com/NewTaipeiCityCouncilor/
12,吳秉叡,民主進步黨,新北市第四選區,吳秉叡,facebook,2026-10-03,📢 大新莊服務處搬家了！ 感謝鄉親多年來對 #大新莊服務處 的支持與信任。我們很高興地宣布，服務處已從中原路搬遷至中榮街上(鄰近 #黃城公園、#黃愚活動中心)，服務處雖然地址改變但服務精神不變，未來也將繼續為大家提供法律諮詢和各種協助。 無論您是有法律問題需要解答，或是日常生活遇到困難 不知如何處理，抑或只是想要來聊聊天，服務處都將誠摯為您服務，歡迎鄉親有空來坐坐。 🏢 立法委員吳秉叡-大新莊服務處 🗺️ 服務處地址：新北市新莊區中榮街17號 ⏰ 服務時間：週一至週五 08:30 - 17:30 🧑‍⚖️ 法律諮詢時間：每週二 19:00 - 21:00,,,https://www.facebook.com/Wubray/
12,吳秉叡,民主進步黨,新北市第四選區,吳秉叡,facebook,,【 340 週年繞境，十縣市 28 尊媽祖齊聚新莊 】,,,https://www.facebook.com/Wubray/
12,吳秉叡,民主進步黨,新北市第四選區,吳秉叡,facebook,,公費流感、新冠疫苗今起開打！接種疫苗還能抽黃金、拿健康幣！,,,https://www.facebook.com/Wubray/
13,蘇巧慧,民主進步黨,新北市第五選區,蘇巧慧,facebook,2026-10-08,📢巧慧的線上捐款平台正式上線！ 上周公布政治獻金專戶之後，大家敲碗的線上捐款平台也在今天正式上線囉！ 新北市的未來藍圖，我已經提出了 #六大福利政見、#四大青年支持政見、#三大家庭照顧政見、#三大毛小孩政見、#三大原住民族政見 等福利政見，以及 #新皇冠海岸計畫、#鑽石山城計畫 等觀光政見，歡迎大家前往我的線上捐款網站，都可以看到所有政見詳細的資訊。 如果大家認同我這十年以來的努力，也期待新北有不一樣的未來，懇請大家給我更多支持與力量，到我的線上捐款平台支持⬇️ https://donate.newebpay.com/chiao/huiwin2026,,,https://www.facebook.com/chiaohui.su/
14,張宏陸,民主進步黨,新北市第六選區,張宏陸,facebook,2026-10-07,今天 蘇巧慧 新北競選總部成立大會圓滿成功！ 總統 賴清德、前總統 蔡英文 Tsai Ing-wen、高雄市長 陳其邁 Chen Chi-Mai 齊心力挺，我也和新北隊夥伴們齊聚一起，共同為巧慧加油、為新北的未來集結力量！ 更要謝謝每一位到場支持的鄉親朋友。現場滿滿的人潮、滿滿的熱情，我看到的不只是支持，更是大家對新北未來的期待。 我和巧慧長期都在新北市服務，我們最在意的，就是鄉親每天生活的大小事。從交通、建設、教育到長輩與孩子的照顧，我們有共同的目標，就是讓新北市繼續進步，讓大家的生活一天比一天更好。 宏陸也要在這裡向大家拜託、拜票，懇請大家支持蘇巧慧！ 我們一起努力，讓巧慧成為新北市第一位女性市長！我相信巧慧有能力、有準備，更有一顆為新北打拚的心。 #新北慧更好,,,https://www.facebook.com/hunglueball/
14,張宏陸,民主進步黨,新北市第六選區,張宏陸,facebook,,今天是重要的日子！ 宏陸陪同 蘇巧慧 委員 及各個民意代表 一起到選委會，為新北的未來踏出重要一步！ 我們要組成一支真正能推動建設、回應鄉親期待的「新北隊」！一路走來，我看見巧慧從中央到對地方的投入，也看見她認真打拚、一步一腳印解決問題的決心。 我相信，巧慧委員有能力、有準備，更有一顆為鄉親打拚的心，從市長到議員，新北隊會一起努力，把鄉親關心的大小事做好，讓城市持續進步、生活愈來愈好！ 我們全力以赴、團結向前，一起拚勝選、拚出新北的新未來！ #2026新北會贏 #支持蘇巧慧 #支持新北隊,,,https://www.facebook.com/hunglueball/
15,葉元之,中國國民黨,新北市第七選區,葉元之,facebook,2026-10-07,主持人： 王淺秋 來賓：立法委員 葉元之．板橋｜資深媒體人 謝寒冰粉絲團｜民眾黨中市議員參選人 Mimi 劉芩妤,,,https://www.facebook.com/yeh.seafood/
15,葉元之,中國國民黨,新北市第七選區,葉元之,facebook,,板橋醫療園區BOT正式簽約，亞東砸125億打造513床新醫療大樓,,,https://www.facebook.com/yeh.seafood/
16,張智倫,中國國民黨,新北市第八選區,張智倫,facebook,2026-10-08,"認真做、用心拚💪 第5會期問政成績單！ 立法院第5會期結束，智倫要向各位鄉親分享工作成果🫡 上任以來，智倫服務選民6,042件，會勘1,158場，問政發言226次，提案及連署法案總計1,481案。成功刪除兄弟姊妹特留分，也促成毒駕加重刑責，並要求政府落實停砍警消及公教人員退休金。 智倫致力守護民眾權益，推動《刑法》、《跟騷法》、《道交條例》修法，以及提出「買針孔攝影機實名制」等福國利民的法案，回應大眾對治安與人身安全保障的期待。 回到地方，智倫成功促成四號公園籃球場天幕啟用，也守住緬甸在台留學生就學權益，並持續爭取員山消防分隊廳舍升級。 感謝鄉親一路以來的支持與鼓勵，智倫會繼續認真做、用心拚，讓國家更好、讓中和更幸福！",,,https://www.facebook.com/allenihelp/
16,張智倫,中國國民黨,新北市第八選區,張智倫,facebook,,"打拚為鄉親🫡 第四會期問政成績單！ 立法院第四會期已經結束，智倫要向各位鄉親分享工作成果💪 上任以來，智倫服務選民4,750件，會勘895場，問政發言177次，提案及連署提案總計1,180案。成功促成停砍公教年金修法，並要求檢討警察輪休制度，獲得口袋國會「委員會優良委員」的肯定。 智倫致力守護民眾權益，推動《詐防條例》、《外送專法》、《噪音防制法》、《新住民發展署組織法》等福國利民的法案，回應大眾對生活品質、勞權進步與促進新住民權益的期待。 回到地方，智倫成功爭取50億老宅延壽補助、促成錦昌停車場啟用、推動中和大排人行道更新、協助校園修繕，也守護安邦公園與正行里小公園。 「在中央拚立法，在地方拚建設」，智倫感謝鄉親的支持與鼓勵，一定會持續努力，讓國家更進步、讓中和更安居！ @追蹤者",,,https://www.facebook.com/allenihelp/
16,張智倫,中國國民黨,新北市第八選區,張智倫,facebook,,#內委會戰隊 集結， 為人民理性問政、用心立法！,,,https://www.facebook.com/allenihelp/
17,林德福,中國國民黨,新北市第九選區,林德福,facebook,2026-10-04,【7/26反惡罷、一起出門投票!】 反惡罷，重要事項提醒! #投開票所一覽 1. 沒有收到投票通知單，也可以出門投『不同意罷免』! (攜帶身分證、印章) 2. 罷免拚票多票少，不支持惡罷，要出門投『不同意罷免』! 🙏 🙏 🙏 3. 沒有收到投票通知單的民眾 可以至公所3樓會議室申請補單或致電公所 (29282828分機217、221) 4. 各里投開票所可參考下圖! #反惡罷 #投開票所,,,https://www.facebook.com/lintefu/
17,林德福,中國國民黨,新北市第九選區,林德福,facebook,,【投開票所教學】 各位鄉親關心的投開票所地點，在中選會網站中，搜尋方式如下 步驟➊點選地區(永和區、中和區) 步驟➋點選里別 步驟➌按搜尋，查看所在鄰里的票所地點 除了在中選會的網站中查詢，也可致電詢問索取資料~ 德福的臉書粉專也有在相簿幫鄉親建立各里的票所地點的圖卡，方便查看! ✏️中選會投開票所查詢(新北) https://reurl.cc/MzkDlm ✏️FB相簿連結 https://www.facebook.com/share/p/1BfkF5fdvC/ 連絡電話 服務處:02-2232-9899 國會辦公室:02-2358-6995,,,https://www.facebook.com/lintefu/
17,林德福,中國國民黨,新北市第九選區,林德福,facebook,,"民進黨執政一年以來 罔顧民生、國家空轉 提出大罷免，只為了打壓異己，消除反對的聲音,讓許多人都看不慣賴清德的作法! 大惡罷關係到臺灣未來民主的運作 德福要特別拜託大家! 7月26日，投下""不同意罷免"" 攜手合作，盡可能的幫忙拉「不同意票」、催「不同意票」，一起挺德福、挺國民黨的立委 #國會更有力 #站出來 #守護民主 #拒絕惡罷 @追蹤者",,,https://www.facebook.com/lintefu/
18,吳琪銘,民主進步黨,新北市第十選區,吳琪銘,facebook,2026-10-08,8年有實績✨ 琪銘政績一次看 各位鄉親好～ 近幾年走在土城、三峽的路上，有沒有跟琪銘有一樣的感覺，我們居住的地方進步很多，變得越來越好了~琪銘整理了歷年來的政績圖卡，來向鄉親報告這8年來為地方打拚的成果 琪銘從雲林來到土城、三峽落根，深耕地方一步一腳印爭取了許多建設！包括： 🧑‍⚖️司法園區都市計畫核定 🛣️金城交流道開標 ⚡️台電變電所室內化 🏫校園整建 🚰偏鄕簡易自來水裝設加速 💧飲用翡翠水 所有建設都是希望能給鄉親帶來更便利、更安居樂業的生活！ 現在讓琪銘全力以赴，持續在地方努力，我們一起踏實向前，一起擁有一個更美好的土城與三峽！💪 #土城 #三峽 #吳琪銘 #一步一腳印8年有實績,,,https://www.facebook.com/wuqiming519
18,吳琪銘,民主進步黨,新北市第十選區,吳琪銘,facebook,,三峽大喜事🍾北倉配水池啟用 很高興今天和許多鄉親，見證這歷史性的一刻，三峽喝好水、穩供水，我們終於做到了！ 我從108年開始積極爭取，到現在完成翡翠水能穩定供水的承諾，很感謝台水公司的協助，自籌10.67億來完成增設2.4萬噸清水池新建工程，一起打造更優質的生活資源。 今天 蔡英文 Tsai Ing-wen 總統也提到，在過去她也曾提出共飲翡翠水的計畫，如今能夠看到建設落成，特別認可琪銘和 蘇巧慧及夥伴們的努力成果； 陳建仁 Chen Chien-Jen院長與 鄭文燦副院長今天也出席啟用典禮，十分肯定現在土城三峽的發展轉變，只要是能對民眾有益、能讓環境改善的建設，我們都一定要用心用力的去完成，這才是我們民意代表應盡的責任。 同時感謝今天總統府 林佳龍秘書長、王重諺副秘書長、行政院李孟諺秘書長、經濟部王美花部長、水利署長賴建信、 林銘仁 新北市議員、 卓冠廷議員及自來水公司董事長李嘉榮，…,,,https://www.facebook.com/wuqiming519
18,吳琪銘,民主進步黨,新北市第十選區,吳琪銘,facebook,,向鄉親報告！我們土城看守所遷移又邁向全新的里程碑🥰 今天與 立法委員湯蕙禎 召委、法務部長 蔡清祥、司法院秘書長吳三龍、地政司副司長林家正等長官，及 為你衝第一．彭一書議員、 廖宜琨 新北市議員、 新北市議員蘇泓欽、 黃永昌議員，共同針對司法園區工程進度考察。過去在108年時，琪銘與土城各里里長來到臺北看守所，在蔡部長的帶領下拍板定案，奠定了今天的基礎！到現在我們司法園區整個園區工程已經再辦理招標作業，若是順利招標的話，預計明年第一季就可以開始動工，這一切可以說是得來不易，終於要實現大家最期待的目標~🥳 其中也很感謝 蘇貞昌院長，讓我們成功爭取到171億的預算，且本次計畫由內政部主導，能更快速且扎實完成向鄉親的承諾！ 看守所不再是土城的第一印象，擺脫數十年來土城人的嫌惡設施，我們將開始城市轉型，除了更完善的整合司法部門，公園部分更是有高達7.8公頃，其中還有新北市第一座森林親子特色公…,,,https://www.facebook.com/wuqiming519
18,吳琪銘,民主進步黨,新北市第十選區,吳琪銘,facebook,,這禮拜來三峽有發現長福橋變得更安全更漂亮了嗎?,,,https://www.facebook.com/wuqiming519
19,羅明才,中國國民黨,新北市第十一選區,羅明才,facebook,2026-10-06,【一票一世情，明才真心感謝每一位鄉親、好朋友的支持】 823這一天，我們用神聖的一票，為無差別的大惡罷畫下句點。這一關，我們一起守住了！823「不同意罷免」的完封勝利，不只是為了明才個人，更是為了守護民主，讓台灣重回正軌，因為我們的社會需要更多和諧，台灣需要更多正向能量。🙏 勝利不是終點，而是新的開始！眼前我們面臨許多難題：台美關稅談判的壓力、能源供應與轉型的困境、企業撐不住和勞工無薪假的困境……，這些都是人民每天的痛苦，也是台灣迫切的挑戰。明才會繼續站在大家身邊，並且和國會的戰鬥夥伴們並肩作戰，監督政府好好做事，守護產業、守住大家的工作，為我們台灣人的未來繼續努力打拚！💪🇹🇼 明才來自地方，始終秉持「在地心，打拚為鄉親」。未來明才會持續認真努力，爭取更多地方建設，打造更好的家園，讓大家能安居樂業。這份責任，正是大家再次對明才的肯定與支持，一定會加倍珍惜，不負所託。再次感謝，一票…,,,https://www.facebook.com/mtlo.tw/
19,羅明才,中國國民黨,新北市第十一選區,羅明才,facebook,,📣#明才大聲公：三讀通過！確定「#普發現金1萬元」 還錢於民！ 面對美國對等關稅可能帶來的衝擊，以及新台幣對美元匯率已強升超過10%，台灣產業受到嚴重衝擊，影響GDP成長甚鉅。今年新加坡每戶家庭發現金800星元(約新台幣1萬8千元)、韓國5月發行4000億韓元消費券、898億韓元代金券在搶救經濟、對抗通膨，新加坡、韓國可以，台灣為何不行？ #莫忘世上苦人多， 明才認為「全民普發現金1萬元」才能真正照顧到每一個人，這1萬元除了可以讓大家因應經濟衝擊，又可以刺激內需，達到支持民生、安定社會。明才鄭重呼籲行政院，請傾聽人民卑微的需求，儘速將相關預算案送到立法院審查，以支援產業、農業及社會救助、加強消費韌性。中華民國要前進，台灣人民才有未來。 #普發現金 #普發現金1萬元 #一人領一萬快樂常相伴 #一人領一萬大人小孩通通有希望 #反惡罷 #一定要出來 #不同意罷免 #羅明才,,,https://www.facebook.com/mtlo.tw/
19,羅明才,中國國民黨,新北市第十一選區,羅明才,facebook,,明才昨天下午(5日)參與深坑景美溪右岸步道銜接白鷺橋工程開工動土典禮，很開心終於可以貫通明才多年政見深坑自行車道了，一路以來明才點滴在心頭，始於2011年開始在木柵動物園會勘推動台北往返深坑自行車道開始，在台北端拜託當時勵耿桂芳議員幫忙，深坑端沿河堤一直到北深路三段就停了，因為卡到會經過黑松公司的私人土地，這十幾年中明才不斷與黑松在立,,,https://www.facebook.com/mtlo.tw/
20,廖先翔,中國國民黨,新北市第十二選區,廖先翔,facebook,2026-10-04,青鳥的恐慌，讓沈伯洋沒有認錯的空間了,,,https://www.facebook.com/LIAOHSIENHSIANG/
21,林沛祥,中國國民黨,基隆市選區,林沛祥,facebook,2026-10-06,成功爭取漁業天然災害救助制度修正 單一漁港納入災害認定計算，讓救助更貼近漁民需求,,,https://www.facebook.com/keelungup/
21,林沛祥,中國國民黨,基隆市選區,林沛祥,facebook,,來自世界各國前來共襄盛舉 基隆國際海洋老鷹嘉年華邁入第16年，期待下一個16年，繼續將基隆的文化傳遍全世界 #,,,https://www.facebook.com/keelungup/
22,陳俊宇,民主進步黨,宜蘭縣選區,陳俊宇,facebook,2026-10-08,拜託大家幫忙追蹤我的新IG和Threads帳號，不管是想關心宜蘭大小事，還是想看我國會日常的「漏網鏡頭」，都先追蹤起來！ Instagram：https://www.instagram.com/chunyu_yilan Threads：https://www.threads.com/@chunyu_yilan,,,https://www.facebook.com/chunyuyilan/
22,陳俊宇,民主進步黨,宜蘭縣選區,陳俊宇,facebook,,俊宇第11屆第1會期成果報告（一） - 宜蘭關鍵黃金十年四大目標！ 這個會期，俊宇共質詢45次，連署了337案的法案，法律提案13案！ 在立法院開議，地方服務也同樣不間斷、共處理「1154件」選民服務案件，辦理42場會勘、40場協調會，並提供了112場的免費法律諮詢！ 俊宇推動宜蘭黃金十年的四個重要目標「交通」、「醫療」、「觀光」、產業」的各項進度與成果： 📌俊好「交通」大躍進！ ✅宜蘭鐵路高架化-「環評通過」爭取兩年內動工。 ✅北宜高鐵進度持續追蹤-「爭取明年環評通過」。 ✅台2庚線延伸線- 「可行性評估通過」。 ✅增設國五冬山交流道- 推動「審議通過」。 ✅國5銜接蘇花改公路計畫-「環評通過」爭取兩年內動工。 ✅台9線蘇花安提升計畫-「環評通過」爭取兩年內動工。 ✅台62線瑞芳延伸礁溪-「爭取年底可行性評估通過」。 ✅成功爭取 TPASS 常態化及宜蘭通勤月票2300元方案預計九月…,,,https://www.facebook.com/chunyuyilan/
23,牛煦庭,中國國民黨,桃園市第一選區,牛煦庭,facebook,2026-10-06,台灣目前和徐佳青委員長孩子年紀相同的人大概有20萬，這背後是接近20萬個家庭。在台灣，要撐起房貸、育兒、孝親的責任，夫妻同心、雙薪家庭，實屬常態。,,,https://www.facebook.com/18NIUstart/
23,牛煦庭,中國國民黨,桃園市第一選區,牛煦庭,facebook,,這個，是我裱框放在辦公室的《紀念日及節日實施條例》修正動議。,,,https://www.facebook.com/18NIUstart/
24,涂權吉,中國國民黨,桃園市第二選區,涂權吉,facebook,2026-10-07,【用心服務、全力出擊！涂權吉就職2周年成果報告 🌟】 轉眼間兩年過去了，權吉始終秉持初心，一步一腳印走遍大園、觀音、新屋、楊梅。大家的託付，就是權吉在地方奔走、在立法院強力監督的最大動力！ 這段時間，我們在中央為民發聲、在基層踏實耕耘，交出了一張張看得見的成績單： ✈️ 【大園區】 • 捍衛 #航空城拆遷戶 權益：協調八大公股行庫貸款協助，加速開發獎勵金延展至115年10月底。 • 追蹤監督 #航城路二段 路面品質問題：成功爭取第三方調研以釐清結構損壞原因。 • 成功爭取 #機專區圍牆退縮6米：串連三民路一段122、126巷道，確保消防逃生動線。 • 海線放光明照亮鄉親回家路：改善 #台61線觀音至大園段 側車道全線供電 • 成功爭取 #高齡一站式換照服務 ：9月場瞬間秒殺，繼續爭取加開場次 🌊 【觀音區】 • 爭取 #觀音高中 年度校車補助：保障學子安全就學。 • 監督 #台電改善…,,,https://www.facebook.com/agi0511/
24,涂權吉,中國國民黨,桃園市第二選區,涂權吉,facebook,,#師鐸獎被害女教師家屬聲援 #反廢死反惡罷力挺權吉 2014年12月的某一天上午，曾獲「師鐸獎」的女教師陳月妹，開車前往市場買菜，卻遭素昧平生的兇手劉志明劫車，並殘忍殺害。如此惡性重大的案件，卻因為廢死政策讓兇手屢屢逃過死刑判決。 今天，陳月妹的鰥夫張介能出面錄製影片沉痛呼籲： 反對廢除死刑、反對惡罷挺權吉！ 只有讓 #大罷免大失敗 才能還給台灣社會公平與正義！ 涂權吉 #拳吉超人 #7月26日 #一定出來投 #不同意罷免 ​ #基層出身為民發聲 #桃園第二選區立委 #大園觀音新屋楊梅 #立法委員涂權吉,,,https://www.facebook.com/agi0511/
24,涂權吉,中國國民黨,桃園市第二選區,涂權吉,facebook,,【傾聽基層真實心聲・務實面對機車產業與民眾需求】 上週日傍晚（10/4），權吉受邀來到新屋尚品雅宴農莊，參加「#桃園市機車商業同業公會新屋分會」的會員大會。,,,https://www.facebook.com/agi0511/
24,涂權吉,中國國民黨,桃園市第二選區,涂權吉,facebook,,【捍衛用電正義！督促台電落實電網韌性、加速電纜地下化】,,,https://www.facebook.com/agi0511/
25,魯明哲,中國國民黨,桃園市第三選區,魯明哲,facebook,2026-10-06,明天 10 / 7 ( 三 ) 晚上18：00 在環北服務處有提供專業的法律諮詢服務，有需要的朋友可以多加利用！ 每週三、週四、週五採預約制，為維護法律諮詢服務品質，敬請於前一日提前預約。,,,https://www.facebook.com/taoyuan.jackru/
25,魯明哲,中國國民黨,桃園市第三選區,魯明哲,facebook,,今早陪同張善政市長視察地方建設，與鄉親一起來到剛峻工的興和市民活動中心及托嬰中心瞭解啟用期程。,,,https://www.facebook.com/taoyuan.jackru/
26,萬美玲,中國國民黨,桃園市第四選區,萬美玲,facebook,2026-10-04,周末假日行程滿檔，不論是運動會、住戶大會、土地公會，或者各項社團活動，都要跑好跑滿，平常在立法院忙，假日的時候就要把握時間，跟好朋友、老朋友多聚一聚。,,,https://www.facebook.com/wanmeiling.tw/
26,萬美玲,中國國民黨,桃園市第四選區,萬美玲,facebook,,今天是教師節，向每一位辛勤付出的老師，致上最深的感謝。,,,https://www.facebook.com/wanmeiling.tw/
27,呂玉玲,中國國民黨,桃園市第五選區,呂玉玲,facebook,2026-10-03,#平鎮車站啟用 #鄉親期盼化成實在建設 今天對許多人來說，這是一座新的車站。 對我來說，卻是一個走了20年的堅持，終於看見列車進站。 從我擔任立法委員開始，「平鎮要有自己的火車站」就是一直放在心上的事情。當年和吳志揚縣長、平鎮市長陳萬得一起努力，一筆一筆將平鎮車站寫進當時的鐵路立體化計畫裡，桃園鐵路地下化後，也是一步一步，堅持平鎮設火車站的理念。從站址、可行性研究、在地方、在立法院，我們開過許多場說明會，也一次又一次和中央溝通協調，讓平鎮車站順利進入桃地計畫，成功爭取行政院核定。 直到今天終於正式啟用，14年的艱辛，在這一刻化成激動的喜悅。即便身受攻訐、被人潑髒水，我始終沒有忘記，平鎮近23萬鄉親的期盼。過去要搭火車，必須往中壢或楊梅跑，今天開始，平鎮鄉親終於可以從自己的家鄉搭上火車，感謝這一路上所有為平鎮車站努力過的人，也感謝一路支持這項建設的鄉親。 當然，車站啟用是開始，不是終點。美…,,,https://www.facebook.com/yuling616/
28,邱若華,中國國民黨,桃園市第六選區,邱若華,facebook,2026-10-07,🛣️【三鶯線延伸經費過關，八德迎接雙捷生活圈】🙌 桃園交通建設傳來好消息。捷運三鶯線延伸八德計畫，基本設計工程經費獲行政院公共工程委員會審議通過，接下來將進入工程招標與實質推動階段，目標朝123年完工通車邁進。💪 從進入立法院以來，若華多次在質詢中向行政院長及相關部會官員提出桃園交通建設進度問題，要求中央正視桃園人口成長、通勤需求與區域發展壓力，加速推動捷運等重大建設，其中三鶯線延伸八德，更是重中之重。 這條路線全長約4.03公里，設置2座高架車站與1座地下車站，未來將從新北三鶯線延伸到八德，並在LB14站與桃園捷運綠線G04大湳站共構轉乘。對八德、大湳地區居民來說，這不只是多一條捷運線，更代表往返新北、桃園市區、機場、高鐵與中壢，都能有更完整的軌道選擇。 尤其八德前往新北鶯歌，相較現行公車轉乘火車，未來車程可望縮短約20分鐘。通勤時間少一點，生活就多一點從容與自在，對通勤、就學、…,,,https://www.facebook.com/Tai.Chill2022/
28,邱若華,中國國民黨,桃園市第六選區,邱若華,facebook,,【八德農業有實力，善政市長用行動支持在地農友】,,,https://www.facebook.com/Tai.Chill2022/
29,徐欣瑩,中國國民黨,新竹縣第一選區,徐欣瑩,facebook,2026-10-08,【欣瑩跟各位好朋友報告，我的捐款平台上線了！】 選戰走到關鍵時刻，欣瑩身後沒有家族事業，也沒有財團奧援。一路走來，靠的就是一位又一位相信欣瑩的鄉親朋友。 我還記得，20年前第一次參選議員時，沒有人看好我。 那時，一位生活看來並不寬裕的母親，懷裡抱著孩子，手上揮著我的教育文宣，對著遊行車隊上的我大聲喊：「加油！」 這個畫面，我一直記到今天。 從地方議員到立法委員，我始終提醒自己：鄉親把期待交給我，我就要把事情做出來。 看見偏鄉的家庭，終於用上乾淨自來水的開心； 看見急重症的鄉親，不必再舟車勞頓，就能就近獲得治療的安心； 看見興隆大橋從藍圖變成現實，讓鄉親每日交通更便利的順心。 欣瑩知道，每筆爭取來的建設經費，都是鄉親的納稅錢，都該用在刀口上。欣瑩知道，這不只是數字、工程，而是要對每位鄉親負起的責任。 現在也是一樣。爭取縣長，是希望整合更多力量，為新竹縣做更多事。 每筆小額捐款，滴水成涓，都…,,,https://www.facebook.com/shesinging.tw/
29,徐欣瑩,中國國民黨,新竹縣第一選區,徐欣瑩,facebook,,【向城市的環保英雄致敬】 一座城市的乾淨與美麗，背後都有一群默默付出的 #清潔隊員。,,,https://www.facebook.com/shesinging.tw/
30,林思銘,中國國民黨,新竹縣第二選區,林思銘,facebook,2026-10-08,📣【三個會期連獲肯定｜專業問政 × 勤奮為民 思銘問政用心，贏得肯定！】 每一份榮譽，不只是個人的成就，更是對新竹鄉親託付的回應。 感謝一路以來的支持與信任， 讓思銘在立法院全力以赴、為民發聲，也讓努力，被看見、被肯定！ 在第1 1屆會期中 🎖️ 第二會期｜司法法制委員會 ✅ 榮獲 口袋國會 評鑑「優良立委」 🎖️ 第三會期｜財政委員會 ✅ 榮獲 台灣評鑑協會 評鑑「特優立委」最高榮譽 🎖️ 第四會期｜財政委員會暨全院表現 ✅ 再獲 口袋國會 評鑑雙「優良立委」 🏅【三會期連續獲獎】 不是偶然，而是堅定努力的成果； 不是包裝，而是實實在在的問政表現！ 這些來自學術研究跨黨派評鑑機構的肯定，沒有內推、沒有操作， 只有一件事—— 👉「努力的成果」 🔎 在國會，思銘始終堅持： ✔️ 嚴格監督預算，拒絕浮編濫用 ✔️ 精準審查法案，提升治理品質 ✔️ 為新竹爭取交通、教育與建設資源…,,,https://www.facebook.com/linsm.hc/
30,林思銘,中國國民黨,新竹縣第二選區,林思銘,facebook,,📚 教育不能等，孩子的未來需要我們現在就努力！ 今天，思銘特別召集 #立法院財政委員會 ，帶著行政院主計總處、審計部、教育部國教署等中央單位，一起來到新竹，實地考察走訪竹東、竹北的五所國中小，實際了解各校的需求。 我們走進： 🔸 員東國中─專科教室需求大型觸控顯示器，讓數位教學更有效率 🔸 上舘國小─需求三套完整視聽教學設施，搭配視聽教學空間 🔸 竹東國中─導入校園直播暨訊息推撥整合系統，讓教學系統全面E化 🔸 二重國中─盼增設風雨走廊，讓孩子雨天也能安全通行 🔸 東興國中─需求整修操場跑道，提供更好的體育教學空間 每一項訴求，背後都是對孩子學習環境的期待。 但地方財源有限，這些學校真的需要中央伸出援手！ 思銘再次強調：新竹是高科技重鎮、年輕家庭快速成長，但教育資源卻還沒跟上。 不論是偏鄉、老社區，還是新興重劃區的學校，都該被公平對待、用心照顧。 💪思銘會持續站在第一線，讓…,,,https://www.facebook.com/linsm.hc/
30,林思銘,中國國民黨,新竹縣第二選區,林思銘,facebook,,📣新竹縣115年統籌分配款(通知分配金額)由69.20億增加為245.47億，財劃法修法三讀通過後，並且經財政部重新試算分配金額，增加176.27億，不僅打破了過去新竹縣在稅收分配上的窘境，也為竹縣的未來發展注入了強大的動能，這是還給新竹縣鄉親一個期盼已久的公道！ 💰新竹縣近五年以來獲得的統籌分配款分別為： ✅111年度通知分配金額45.19億；實撥金額55.72億。 ✅112年度通知分配金額49.45億；實撥金額56.99億。 ✅113年度通知分配金額55.77億；實撥金額62.07億。 ✅114年度通知分配金額69.20 億。 ✅115年度通知分配金額245.47億。 🚨新竹縣是我國重要的科技大縣，為經濟貢獻度斐然，居於「桃竹竹苗科技廊道」中的樞紐位置，是竹科人主要生活、居住與子女就學的區域。新竹縣長期以來創稅多，稅收數僅次於六都及新竹市、基隆市，位列全國前段班，但是在財劃法修…,,,https://www.facebook.com/linsm.hc/
31,鄭正鈐,中國國民黨,新竹市選區,鄭正鈐,facebook,2026-10-01,正鈐免費法律諮詢服務開始囉！⚖️ 有需要的市民好朋友們，歡迎預約諮詢～ 📅 服務時間：每週一、三、四 16:30－18:00 📍 地點：新竹市東區公園路148號 📞 電話：03-5623699（請提前來電預約） 由專業律師團隊為您提供貼心的法律協助，讓您的法律疑問，都能安心找到解答💬,,,https://www.facebook.com/CCCHsinchu/
31,鄭正鈐,中國國民黨,新竹市選區,鄭正鈐,facebook,,我們正透過LINE分享最新資訊中！請將官方帳號加入好友，以接收訊息。,,,https://www.facebook.com/CCCHsinchu/
32,陳超明,無黨籍/國民黨,苗栗縣第一選區,陳超明,facebook,2026-10-06,「如果有自來水 孫子就願意留下來過夜」，這是今天爭取無自來水工程，最讓超明感動的一句話，因為，當初，也是同樣這句話，讓超明拚盡全力，向中央爭取提升苗栗自來水普及率。,,,https://www.facebook.com/amingo1217/
33,邱鎮軍,中國國民黨,苗栗縣第二選區,邱鎮軍,facebook,2026-10-07,從議員到市長，聽聽功凡怎麼說？,,,https://www.facebook.com/chengchun1207/
33,邱鎮軍,中國國民黨,苗栗縣第二選區,邱鎮軍,facebook,,疾管署長羅一鈞昨天受訪很明確表示，沈伯洋用專家身分進行倡議的「社區中心發放毒品」，跟現在的美沙冬減害，不在同一個維度！,,,https://www.facebook.com/chengchun1207/
34,蔡其昌,民主進步黨,臺中市第一選區,蔡其昌,facebook,2026-10-07,感覺今天晚上大家都要鎖定收看沈伯洋與趙少康的直球對決。 大家終於可以當一次主審了,,,https://www.facebook.com/tsaimimi0416/
34,蔡其昌,民主進步黨,臺中市第一選區,蔡其昌,facebook,,檢方查出證實沈伯洋是被跨海監控。記得當初有一群人不斷在暗示沈伯洋是自導自演，搭配大量網軍在社群上散播不實謠言抹黑攻擊他。,,,https://www.facebook.com/tsaimimi0416/
35,顏寬恒,中國國民黨,臺中市第二選區,顏寬恒,facebook,2026-10-05,#西屯區特五號道路 #中科西南向延伸道路,,,https://www.facebook.com/kuanheng99/
36,楊瓊瓔,中國國民黨,臺中市第三選區,楊瓊瓔,facebook,2026-10-07,【休閒綠帶＋暢行國道！為鄉親爭取近169.1億建設，臺中生活大升級 】,,,https://www.facebook.com/YangChiungYing/
36,楊瓊瓔,中國國民黨,臺中市第三選區,楊瓊瓔,facebook,,【女力齊發、中臺灣作伙拚！為鄉親的幸福全力以赴 】 腳步,,,https://www.facebook.com/YangChiungYing/
37,廖偉翔,中國國民黨,臺中市第四選區,廖偉翔,facebook,2026-10-07,〈政績公開透明，努力不容抹煞〉 最近在說明會現場發放的政績小冊，很多鄉親看完後說：「原來你們真的做這麼多，罷免的人都沒講實話！」 我們將選前承諾一項一項兌現，從法案推動到地方建設，都是一步一腳印完成的成果，絕不是空口說白話，而且這不是我一個人的成績，是所有託付給我們的鄉親，每一個支持我們的朋友，大家共同努力才有的成就！ 為了讓更多人看見真相，我們也把這本「政績成績冊」放上網，歡迎大家點閱、分享，讓更多人知道我們不是沒做事，而是努力被忽略、政績被抹煞。 7月26日，我們要用一張「不同意罷免票」，拒絕惡意操作，讓認真做事的人，繼續為國家打拚！ @追蹤者,,,https://www.facebook.com/seanliao76/
37,廖偉翔,中國國民黨,臺中市第四選區,廖偉翔,facebook,,【讓中醫走進國家政策核心，打造台灣的中醫國家隊！】 台灣中醫有深厚的臨床基礎與人才實力，下一步，就是讓這些專業真正進入國家政策。,,,https://www.facebook.com/seanliao76/
38,黃健豪,中國國民黨,臺中市第五選區,黃健豪,facebook,2026-10-06,▍民意帶進國會．建設帶回台中｜健豪就職兩週年成果報告 #健筆督國政 #豪氣拚建設 2026年2月1日，是健豪擔任立法委員正式滿兩週年的日子。這兩年來，我始終秉持初心，在國會與地方雙軌並進，希望不負大家對健豪的託付。 謝謝豪朋友們一路以來的支持與鞭策。 春節假期即將到來，也邀請大家一起打開這份健豪為台中打拚兩年的「問政成績單」，看看我們一起完成了哪些改變，並給予指教。 ▪️中央問政：法律修正案共計 298 案 兩年四個會期，健豪在國會全力監督、落實修法，共推動 298 項法律修正案，其中有 112 案已成功三讀通過！ • 打擊犯罪：三讀通過《詐欺犯罪危害防制條例》提高刑度；多案修正《道交條例》重罰偽造車牌等維護環境及用路人安全。 • 守護兒少：三讀通過《刑法》第 286 條（虐童致死加重刑責） 與《兒少性剝削防制條例》。 • 民生社福：三讀通過《住宅法》婚育宅條款；三讀通過《海關稅則》降低…,,,https://www.facebook.com/TCBetter/posts/pfbid0URWfXUsuWPCqrPDscD8MndSMj7U6zgxkxVzbDzu98dZUpVY2sxomHqDsgxPP2Vtzl
38,黃健豪,中國國民黨,臺中市第五選區,黃健豪,facebook,,▍ 搶救少子化，保障婚育家庭入住社宅 #三讀通過！ 2024年03月15日，健豪在立法院針對社會住宅入住資格提出住宅法第四條的修法，將 #育有未成年子女二人以上 改為 #育有未成年子女 ，也是本屆立法院最早提案婚育宅獨立比例的修法。 原來的住宅法中，育有未成年子女二人以上還須符合社會弱勢，才有優先資格，我們則從 #解決少子化 的角度出發，在保障原有弱勢比例的前提下，提出 #百分之五十比率出租予育有未滿十二歲之家庭 的修法。 經過公聽會、部門質詢、總質詢、數次朝野協商，終於在第四會期的最後一天2026年01月30日三讀通過，明定社會住宅應提供 #百分之二十比率，出租予新婚兩年內或育有未成年子女之婚育家庭。 我們期待在這樣的條件之下，讓一般的新手爸媽、新婚夫妻，在高房價時代，除了政府的補助之外，也能享有安身立命的地方，安心的請育嬰假、安心的工作、安心的分配財務，或許才有意願安心的孕育下一代。…,,,https://www.facebook.com/TCBetter/
38,黃健豪,中國國民黨,臺中市第五選區,黃健豪,facebook,,第三方支付漏洞大，該改變了！#防詐騙 #第三方支付,,,https://www.facebook.com/TCBetter/
38,黃健豪,中國國民黨,臺中市第五選區,黃健豪,facebook,,▍Monday不Blue，來碗麻辣乾麵 星,,,https://www.facebook.com/TCBetter/
39,羅廷瑋,中國國民黨,臺中市第六選區,羅廷瑋,facebook,2026-10-08,#立法院會期成績單 #第五會期 「委員，你們在台北開會，到底修了哪些真正對我們有用的法案？」、「委員，我們台中的建設有沒有進展了？」 鄉親的關心，小羅都聽到了。 第五會期小羅擔任教文委員會召委排審教育相關法案，替孩子鋪一條更好的路。在此誠摯地交上這份成績單！ #國會問政亮點 👉法律提案：主提＋共提＋連署合計 489 案 👉出席率：院會與委員會質詢率 100% 👉三讀法案：主提＋共提＋連署 合計 79 筆 👉爭取建設經費：累計達 3.1 億+ #本會期修法重點 一、教育文化 ‧ 扎根下一代 ✅ 幼托與教保升級：推動《兒童托育服務法》，爭取公托免費、私托 2 萬補助 ✅ 完成《教保服務人員條例》委員會初審 ✅ 《營養午餐法》初審通過，跨出歷經50年的重要一步，建立校園食安制度 ✅ 做教師的後盾，推動校事會議退回重訂，並爭取教師身心調適假 ✅ 推動《電競基本法》，為電競運動建立制度、選…,,,https://www.facebook.com/taichunglolo/
40,何欣純,民主進步黨,臺中市第七選區,何欣純,facebook,2026-10-08,何欣純政治獻金專戶線上捐款正式啟動 您的支持都是讓台中前進的動力 一座進步城市，不只是建設要發展，每個世代也都要被好好照顧。 孩子能安心長大、青年敢放心追夢、年輕家庭願意生養、長輩可以安心生活，從小到老都安心，這才是我們期待的城市未來。 因此，我提出： ✔ 擴大嬰幼兒津貼、補助腸病毒疫苗接種、推動國中小免費營養午餐 ✔ 成立青年局，整合資源協助青年就業、創業與生活需求 ✔ 加碼生育與安胎補助，持續擴大托育資源 ✔ 持續落實健保補助、擴大敬老卡使用範圍 在台中進步的路上，期待有您一起參與，我們一起讓台中更欣欣向榮！ 📌何欣純政治獻金專戶資訊 ＃線上捐款🔗 https://donate.ecpay.com.tw/home/2026achun/ ◾戶名｜115年臺中市市長擬參選人何欣純政治獻金專戶 ◾郵政劃撥｜22878505 ◾臨櫃匯款｜銀行：郵局700 分行：劃撥儲金0010 帳號：2…,,,https://www.facebook.com/94achun/
40,何欣純,民主進步黨,臺中市第七選區,何欣純,facebook,,盧市府花了近47億，蓋了一個功能七零八落的 #水湳轉運中心 ，你能接受嗎？,,,https://www.facebook.com/94achun/
41,江啟臣,中國國民黨,臺中市第八選區,江啟臣,facebook,2026-10-08,跟市民朋友報告：啟臣準備好了！💪 今天 #九三軍人節，我和海龍退役弟兄冒雨跑步4公里，正式登記參選臺中市長。也向保家衛國的國軍弟兄姊妹與軍眷說聲：大家辛苦了，軍人節快樂！🫡 過去，我是保衛中華民國的海龍蛙兵；未來，我要做 #臺中市民的海龍蛙兵 。不怕苦、不怕難，以使命必達的精神，完成市民託付！ 謝謝盧秀燕市長的信任。過去我們攜手推動東豐快，接下來更要延續幸福、全面升級！從20分鐘生活圈、會展經濟，到AI智慧治理與完善市民福利，啟臣已有完整藍圖，要帶領臺中邁向國際旗艦城。 完成登記後，我也把文昌筆交給接著登記的議員夥伴。這是一支 #為民服務的筆 ，市長、議員、里長，要一起為鄉親打拚，把臺中照顧好！ 11月28日，拜託大家支持啟臣、支持臺中隊。接棒成功，守護臺中！ #臺中啟程 #打造旗艦城 #海龍精神 #接棒成功守護臺中 #臺中升級 #幸福加給,,,https://www.facebook.com/johnnyccchiang/
41,江啟臣,中國國民黨,臺中市第八選區,江啟臣,facebook,,臺中桃園臺北多贏！臺中機場扛起千萬旅運量,,,https://www.facebook.com/johnnyccchiang/
41,江啟臣,中國國民黨,臺中市第八選區,江啟臣,facebook,,八年來，啟臣與市府並肩推動臺中發展，從交通、教育、藝文、環保，到國際事務與重大建設，都曾一起參與、一起爭取。,,,https://www.facebook.com/johnnyccchiang/
42,陳秀寳,民主進步黨,彰化縣第一選區,陳秀寶,facebook,2026-09-28,教育的每一步，都需要老師與學生共同努力。 秀寳長期關注校園及師生權益，陸續提出《學校飲食法》、《大學法》、《學貸三法》等相關法案，希望讓教育環境更加完善,,,https://www.facebook.com/showpowerchen/
42,陳秀寳,民主進步黨,彰化縣第一選區,陳秀寶,facebook,,今天秀寳、立委陳素月SayYes及立委黃秀芳陪同副總統蕭美琴 Bi-khim Hsiao來到鹿港到北頭奉天宮、閤港福德祠及天后宮參拜祈福，祈求國泰民安、風調雨順；也品嚐了鹿港的特色麵茶 、冠軍冰淇淋 ，並到郊行博物館揭牌 。 鹿港深,,,https://www.facebook.com/showpowerchen/
43,黃秀芳,民主進步黨,彰化縣第二選區,黃秀芳,facebook,2026-10-07,卦山力的熱鬧，秀芳先來感受啦！ 今天,,,https://www.facebook.com/smilefangfang/
44,謝衣鳯,中國國民黨,彰化縣第三選區,謝衣鳯,facebook,2026-09-28,面對越來越嚴重的師資不足問題，許多老師承擔了更多的教學與照顧責任，也比過去更加辛苦。,,,https://www.facebook.com/HsiehYifong/
44,謝衣鳯,中國國民黨,彰化縣第三選區,謝衣鳯,facebook,,台灣這麼炎熱的夏天 竟然種出日本阿露斯洋香瓜,,,https://www.facebook.com/HsiehYifong/
45,陳素月,民主進步黨,彰化縣第四選區,陳素月,facebook,2026-10-07,🌟幸福有感，照顧長輩也減輕子女負擔 #素月提出彰化65歲以上長者健保費全免 台灣已正式邁入超高齡社會，每5人中就有一位是長者，彰化縣身為農業大縣，人口結構已出現勞動力減少、撫養比增加的少子化現象，許多長輩的健保費多數依附在家中子女投保的公司名下，每月由子女代繳，年年繳下來，對每個家庭都是一筆不小的開銷負荷。 👉鄰近彰化縣的台中市政府及南投縣政府，不斷提升長者福利政策，🔺已陸續實施戶籍所在地65歲以上長者健保費免費補助相關政策，因此讓我們彰化鄉親，感覺彰化人的社福政策差人一截！ 健保是投資健康的政策 #保障全民基本的健康權利！ 因此，素月未來要積極提升彰化縣對長者的照顧，減輕大家的經濟負擔，希望彰化縣也能在議會的支持下，擴大社福照顧範圍，#實施彰化縣65歲以上長者免繳健保費用，只要設籍彰化縣的長輩無須申請，由縣府直接納入補助對象，由縣府每月自動幫家裡的長輩繳納健保費，不再讓彰化鄉親自…,,,https://www.facebook.com/chengSayYes/
45,陳素月,民主進步黨,彰化縣第四選區,陳素月,facebook,,今天素月正式獲提名，#代表民進黨參選2026彰化縣長！ ​ 素月非常榮幸能獲得民進黨的提名成為彰化縣長候選人，首先感謝此次一同參與初選的三位黨內同志，立法院黃秀芳委員、彰化市林世賢市長、邱建富前市長，在初選期間，彼此良性競爭、沒有互相攻擊、各自提出政策主張，尋求鄉親的支持，展現了最佳民主風範。 ​ 我也要感謝我的團隊及每一位志工朋友，在初選期間擔任我的分身，在每個基層角落幫我拜票，#最重要的是感謝彰化鄉親的支持，讓素月在電話民調能拔得頭籌。 彰化是全國六都之外的第一大縣，我們有最好的土地、最認真的農民、還有最強的企業家。但我們也必須誠實地面對挑戰：現在的彰化，面臨人口流失、重大建設延宕，甚至是全國薪資最低的困境。 ​ 🔺這代表什麼？這代表我們的建設慢了、我們的發展停了！ ​ 💪所以，素月提出一個很清楚的方向 #彰化加速！未來，素月如果當選縣長，我會用最誠懇的服務精神，帶領縣府全面加速…,,,https://www.facebook.com/chengSayYes/
45,陳素月,民主進步黨,彰化縣第四選區,陳素月,facebook,,深入每個角落，持續聽見鄉親的聲音！ 不同世代、不同領域對彰化都有不同的期待。,,,https://www.facebook.com/chengSayYes/
45,陳素月,民主進步黨,彰化縣第四選區,陳素月,facebook,,白天熱呼呼，入夜氣溫就轉涼了，好朋友、新朋友，大家齊聚關心彰化的未來，讓座談會一樣熱情、熱鬧滾滾。,,,https://www.facebook.com/chengSayYes/
46,馬文君,中國國民黨,南投縣第一選區,馬文君,facebook,2026-10-07,救難艦每艘從36億變105億，多出的69億，到底買到什麼？,,,https://www.facebook.com/mawenchun/
46,馬文君,中國國民黨,南投縣第一選區,馬文君,facebook,,「台美合作評估」預算暴增12倍，如今還傳美方將進駐國防部，國防部請說清楚！,,,https://www.facebook.com/mawenchun/
47,游顥,中國國民黨,南投縣第二選區,游顥,facebook,2026-10-08,游顥要求2027年穩電價、反對毒品正常化 籲國防規劃保障平民安全,,,https://www.facebook.com/nantou.yuhao/
47,游顥,中國國民黨,南投縣第二選區,游顥,facebook,,茶菁價格腰斬衝擊茶農 游顥為南投茶農向行政院請命,,,https://www.facebook.com/nantou.yuhao/
48,丁學忠,中國國民黨,雲林縣第一選區,丁學忠,facebook,2026-10-08,【全力為鄉親爭取！學忠與嘉郡邀高鐵史哲董事長研商增班】,,,https://www.facebook.com/ding.ding0628/
48,丁學忠,中國國民黨,雲林縣第一選區,丁學忠,facebook,,全力爭取水利建設！ 口湖「蔦松大排新建抽水站」今天正式動工,,,https://www.facebook.com/ding.ding0628/
49,劉建國,民主進步黨,雲林縣第二選區,劉建國,facebook,2026-10-08,我是劉建國。 這一次，我想親自向雲林每一位鄉親說聲謝謝，也請大家繼續給我力量。 多年來，建國一直深耕在地，惦念的就是如何讓這片養育我們的土地變得更好。 雲林需要轉型、產業需要升級、長輩與下一代更需要完善的照顧。 請雲林鄉親成為建國的後盾，讓我能帶領團隊拼產業、完善福利，打造一個充滿希望與機會的新雲林！ 11/28，請雲林鄉親團結挺建國，讓我們一起攜手勇敢向前，翻轉雲林、再創新雲林！ #台灣好生活 #好人才戰隊 #票投劉建國 #雲林好生活,,,https://www.facebook.com/liucnko.fans/
49,劉建國,民主進步黨,雲林縣第二選區,劉建國,facebook,,勇敢選擇 劉建國 ！讓劉建國用更大的力量照顧鄉親、提升產業，打造更好生活的新雲林！11/28請雲林鄉親團結支持劉建國！ #台灣好生活 #好人才戰隊,,,https://www.facebook.com/liucnko.fans/
50,蔡易餘,民主進步黨,嘉義縣第一選區,蔡易餘,facebook,2026-10-08,我是蔡易餘，今天我正式登記參選嘉義縣長，也正式從翁章梁 Weng Chang-Liang縣長手中接下這支接力棒！ 這幾年，在翁章梁縣長帶領下，嘉義一步一步打下發展的基礎。現在，我準備接下這一棒，延續過去累積的成果，帶著嘉義繼續向前，迎接屬於我們的黃金十年。 這次，我也會和 #活力團隊 一起出發，從縣長、鄉鎮市長到議員，大家團結一心、並肩作戰。因為嘉義的進步，需要18鄉鎮市一起向前，才能讓每個地方都看得到改變、感受得到發展。 登記完成，代表新的階段正式開始，最後80多天，易餘會全力以赴，拜託大家和我們一起拚到最後！ #嘉義黃金十年 #經濟活力沖天 蔡易餘,,,https://www.facebook.com/chiayionefish/
50,蔡易餘,民主進步黨,嘉義縣第一選區,蔡易餘,facebook,,昨晚和嘉義各地的扶輪社友相聚，大家一起成立 #蔡易餘選縣長扶輪社後援會，還特別送上好彩頭，給我滿滿的祝福與鼓勵！,,,https://www.facebook.com/chiayionefish/
50,蔡易餘,民主進步黨,嘉義縣第一選區,蔡易餘,facebook,,說到阿里山的咖啡，鄒築園「咖啡王子」方政倫的精品咖啡早已是國內外愛好者的朝聖地！但他從未停下腳步，持續突破咖啡的天花板！,,,https://www.facebook.com/chiayionefish/
51,陳冠廷,民主進步黨,嘉義縣第二選區,陳冠廷,facebook,2026-10-07,恭喜高市早苗首相帶領自民黨在本次眾議院大選中取得壓倒性勝利，獲得日本國民的高度信任與授權。 冠廷過去多次赴日進行國會交流，深刻感受到台日之間在安全、經濟與民主價值上的緊密連結。高市首相就任以來對台海安全議題的重視與明確態度，讓我們看到台日關係持續深化的堅實基礎。 這次選舉結果再次證明，日本社會對於區域安全與國家戰略方向有清楚的共識。台灣會繼續做日本最可靠的夥伴，在共同的價值基礎上，持續推進雙邊的實質合作。 祝福高市首相與新一屆國會順利運作，台日友好！🇹🇼🇯🇵,,,https://www.facebook.com/Kuantingvision/
51,陳冠廷,民主進步黨,嘉義縣第二選區,陳冠廷,facebook,,感謝大家的支持，蔡易餘 家己人委員將正式成為民進黨嘉義縣長候選人！ 謝謝在電話民調中給予肯定的每一位朋友，接下來，我將全力與蔡易餘委員並肩努力、團結前行，為嘉義打造更好的未來🙌,,,https://www.facebook.com/Kuantingvision/
51,陳冠廷,民主進步黨,嘉義縣第二選區,陳冠廷,facebook,,今天晚上和陳琮貽-民雄鄉長參選人、林淑完議員、蔡易餘 家己人委員的姑姑，一起來到 #民雄西安村 按戶拜訪。,,,https://www.facebook.com/Kuantingvision/
52,王美惠,民主進步黨,嘉義市選區,王美惠,facebook,2026-10-08,今天內政委員會舉行第六會期召委選舉 ，朝野政黨分別推舉李柏毅委員、廖先翔委員繼續擔任這個會期的召委。,,,https://www.facebook.com/ahueimoto/
52,王美惠,民主進步黨,嘉義市選區,王美惠,facebook,,熬早 早安 今天立法院委員會要選召集委員。阿惠上班了，開始工作。,,,https://www.facebook.com/ahueimoto/
53,賴惠員,民主進步黨,臺南市第一選區,賴惠員,facebook,2026-10-08,感謝財政委員會同仁的支持與信任，非常榮幸獲選為立法院第11屆第六會期財政委員會召集委員！,,,https://www.facebook.com/liahuiyuan/
53,賴惠員,民主進步黨,臺南市第一選區,賴惠員,facebook,,為溪北繼續拚！連續第三度榮獲公督盟評鑑優秀立委！,,,https://www.facebook.com/liahuiyuan/
54,郭國文,民主進步黨,臺南市第二選區,郭國文,facebook,2026-10-08,最近跑攤都一直被鄉親罵。 說我不要再只會做事，不會宣傳了！ ​ 大家的建議，我都聽到了，所以決定推出 #鄉親說我沒宣傳 系列，一話一話向大家報告，我在地方爭取的建設，以及現在做到哪一步。 ​ 今天第01話，來介紹近期即將完工驗收的「六分寮與東昌河道及堤防改善計畫」。 ​ 面對極端氣侯，曾文溪畔的堤防就是預防居民面臨水患的關鍵，我從2024年便會勘爭取，預算在2025年通過，並在2026年即將驗收。 ​ 還記得當初凱米颱風時，堤防因為滲水導致善化多區淹水，我也立刻要求水利署將此案納入補助，也終於在2025年排上預算，六分寮堤防6500萬、東昌堤防8000萬，總金額1億4500萬。,,,https://www.facebook.com/gogowin2010/
54,郭國文,民主進步黨,臺南市第二選區,郭國文,facebook,,謝謝大家肯定！國文10度拿到優秀立委！ ​,,,https://www.facebook.com/gogowin2010/
54,郭國文,民主進步黨,臺南市第二選區,郭國文,facebook,,掃市場的同時，也邀請鄉親們，這個禮拜五早上10點，請大家一起來支持賴懋慶！,,,https://www.facebook.com/gogowin2010/
55,陳亭妃,民主進步黨,臺南市第三選區,陳亭妃,facebook,2026-10-07,妃行員們，準備登機！,,,https://www.facebook.com/fififans/
55,陳亭妃,民主進步黨,臺南市第三選區,陳亭妃,facebook,,「妃行員證」正式亮相！準備報到登機，台南起妃！,,,https://www.facebook.com/fififans/
56,林宜瑾,民主進步黨,臺南市第四選區,林宜瑾,facebook,2026-10-03,今天立法院三讀通過了《#平埔原住民族群身分法》，在法案公告施行後，還沒正名的原住民各族，就可以依法檢附資料向原民會進行民族核定，並登記平埔原住民身分。 雖然攸關族親們的原住民族權利，還需要分階段檢討，但我將持續監督原民會，為各位爭取正名後的「復權」。 以下跟各位報告宜瑾在這段立法過程做出的努力： 1️⃣修正登記期限的條文，宜瑾主提「補登記條款」入法 2️⃣平埔原住民之文資直接適用文化資產保存法有關原住民之規定 3️⃣要求原民會審核民族別時從寬認定 4️⃣要求原民會發函至各縣市政府，因應平埔正名修正原民自治法規 5️⃣有關身分登記事項，如身分證並列或單列族名，應立即適用 6️⃣要求國科會盤點平埔原住民族學術研究資料，供族人認定身分時檢索 7️⃣要求教育部盤點平埔原住民之族語教學師資與教材，部長允諾將於近期回覆。 找回名字是一段辛苦的過程，大家先後經歷了上街表達訴求、訴願、訴訟、憲法判決，最…,,,https://www.facebook.com/ichin0825/
56,林宜瑾,民主進步黨,臺南市第四選區,林宜瑾,facebook,,今天，我們服務處的好夥伴阿修 尚頂里長參選人 黃浩修 ，在尚頂里成立里長競選總部！我也和我的同事 林俊憲 、台南市議員 朱正軒 Tsu Tsìng-hian 一起到場，為阿修加油打氣！,,,https://www.facebook.com/ichin0825/
57,林俊憲,民主進步黨,臺南市第五選區,林俊憲,facebook,2026-10-07,感謝公督盟肯定，榮獲榮獲第十一屆第五會期「評鑑優秀立委」！,,,https://www.facebook.com/seeklin/
57,林俊憲,民主進步黨,臺南市第五選區,林俊憲,facebook,,又來了，萬安大兵的「造謠天團」團長羅智強改講「死刑」議題，試圖轉移焦點。沒關係，照樣破解。 沈伯洋今天回應說，「死刑是中央的事務，地方政府要做的是『預防』」。 羅智強這招，就是拿地方管不到的中央議題去炒聲量，造謠天團就繼續拿無關地方事務的題目，陷害蔣萬安吧，反而更凸顯他對市政的不了解。,,,https://www.facebook.com/seeklin/
58,王定宇,民主進步黨,臺南市第六選區,王定宇,facebook,2026-10-08,早上5:30，就必須出門準備的最高機密，猜猜看是什麼？,,,https://www.facebook.com/wdy19690305/
58,王定宇,民主進步黨,臺南市第六選區,王定宇,facebook,,要確ㄟ？金小胖替習包子恐嚇川普！《台灣報報-即時回應》20261008,,,https://www.facebook.com/wdy19690305/
59,邱議瑩,民主進步黨,高雄市第一選區,邱議瑩,facebook,2026-10-05,【我是高雄人，我挺旗山蕉！】,,,https://www.facebook.com/denjen2020/
59,邱議瑩,民主進步黨,高雄市第一選區,邱議瑩,facebook,,台北街頭「洋流」席捲，高雄的選戰也持續升溫！,,,https://www.facebook.com/denjen2020/
60,邱志偉,民主進步黨,高雄市第二選區,邱志偉,facebook,2026-10-08,超大豪雨後加強防洪治水工程 北高雄5案經費獲核定 2026-10-08 ╱民眾日報 ╱第B09版 ╱ 高屏要聞,,,https://www.facebook.com/qiu.zhi.wei.567814/
60,邱志偉,民主進步黨,高雄市第二選區,邱志偉,facebook,,2026.10.07 【第15度獲得公督盟優秀立委】,,,https://www.facebook.com/qiu.zhi.wei.567814/
61,李柏毅,民主進步黨,高雄市第三選區,李柏毅,facebook,2026-10-08,第11屆第5會期國會成績單（2/2）🔎 率先完成內政預算審查，顧民生、挺國防、拚交通！ 上個會期，我擔任內政委員會召委，除了率先完成預算審查，提出11項法律提案、連署201件法案，更主導排審了包含國安法、兩岸人民關係條例等重要護台法案；此外，本會期初因應雙重國籍民眾硬要上台質詢官員的問題，我們堅守原則、維護法治，順利完成議事的進行。 在 #國防外交 方面，我和同仁多次出訪海外，前往美、英、法等民主盟邦交流，並全力支持行政院所提出的 #國防自主無人機採購特別條例；回到國內，針對 #民生發展 部分，具體要求警政署對毒駕加強查緝，並提案修法增加沒入車輛、吊銷駕照的措施；#交通建設 上，我也積極要求捷運紫線加速核定，更成功爭取 #台1線匝道 8.6億元經費！ 還有許多內容都在下方圖卡裡，面對即將開始的新會期，我會在中央繼續努力，為市民爭取更多城市發展資源！,,,https://www.facebook.com/poyi2014/
61,李柏毅,民主進步黨,高雄市第三選區,李柏毅,facebook,,第11屆第5會期國會成績單（1/2）🔎 上個會期收穫滿滿！作為內政委員會召委，我在中央進行25次質詢、11項法律提案、連署201件法案，主導多項法案審理會議；在地方，也受理了近千件選民服務，並成功爭取超過4億元橫跨交通、教育、水利等領域的建設經費！ 在 #教育建設 部分，這7個月以來我成功爭取 #超過5700萬元校園改善經費，為國中小老舊設施更新及改善；面對極端氣候，我向內政部國土署爭取近3.5億元，針對左楠易積水區域及排水系統進行改善規劃；#運動發展部分，我長期追蹤、爭取的 #楠仔坑運動中心正式營運，也同步關心現代五項場館、國訓中心等進度現況，多管齊下、將運動扎根市民生活！ 更多詳細內容都在下方圖卡，感謝大家一路以來的支持，11-6新的會期已經開始，我會繼續在中央努力，推左楠建設、拚高雄未來！,,,https://www.facebook.com/poyi2014/
61,李柏毅,民主進步黨,高雄市第三選區,李柏毅,facebook,,📢2026律師諮詢時間調整公告 新的一年，律師時間也有新的調整，讓專業律師團隊做您的堅實後盾！ 各服務處法律服務時間如下，歡迎鄉親們來諮詢💪🏻,,,https://www.facebook.com/poyi2014/
62,林岱樺,民主進步黨,高雄市第四選區,林岱樺,facebook,2026-10-06,金潭國小跑道補16年？岱樺要求全面翻新！,,,https://www.facebook.com/LinDaiHua/
63,李昆澤,民主進步黨,高雄市第五選區,李昆澤,facebook,2026-10-08,感謝高雄栽培，感謝公督盟優秀立委肯定！ 今天公督盟公布評鑑結果，獲得第27次獲得優秀立委肯定！ 未來，我會繼續守護台灣、建設高雄，全力打拚！ #問政有表現 #建設看得見,,,https://www.facebook.com/power2tw/
63,李昆澤,民主進步黨,高雄市第五選區,李昆澤,facebook,,持續推動高雄交通建設，督促道路環境安全改善 新會期開始，我針對重大交通議題、高雄國道及公路建設，以及督促交通安全改善等事項，召集交通部陳世凱部長以及下屬高公局、民航局、觀光署、氣象署、鐵道局、航港局、公路局、高鐵公司、運安會、台鐵公司、港公司、中華郵政、桃機公司等14個相關單位進行研商討論！,,,https://www.facebook.com/power2tw/
63,李昆澤,民主進步黨,高雄市第五選區,李昆澤,facebook,,市場，有老朋友、有人情味，是最溫暖的地方。,,,https://www.facebook.com/power2tw/
64,黃捷,民主進步黨,高雄市第六選區,黃捷,facebook,2026-10-08,很榮幸獲頒One Young World「年度政治人物獎」，到國際舞台為台灣爭光！,,,https://www.facebook.com/KaohsiungHuangjie/
64,黃捷,民主進步黨,高雄市第六選區,黃捷,facebook,,我認真做事，歡迎您大方分享！2025上半年黃捷工作成績單！ 黃捷始終兢兢業業、拚盡全力，為鄉親解決問題、爭取福利，在此報告第3會期豐碩的成果，敬請指教！ ✨為台爭光、積極外交 🏆榮獲世界青年領袖峰會「年度政治人物獎」 ✔️擔任民進黨青年局副局長，耕耘台日關係 ✔️擔任立院女子運動外交促進會會長，簽署布萊頓宣言 ✔️擔任Rightscon2025講者，交流數位性別人權 ✔️協助北投女壘隊赴美比賽募款，小將們勇奪2025貝比魯斯U16世界冠軍！ ✨打擊裝修蟑螂及黃牛 ✔️修《住宅法》：擴大婚育宅、租屋市場透明 ✔️打擊裝修蟑螂：和國土署研擬裝修契約、建立合格業者平台、公布裝修蟑螂姓名 ✔️關注大樓充電樁：要求內政部公告「社區充電設備設置及管理辦法」範本 ✔️保障追星權益：關注中資爭議、擴大開罰黃牛活動類型、推動實名制 ✔️修《文化創意產業發展法》：要求外國法人團體在台演出設法律代表人，保障…,,,https://www.facebook.com/KaohsiungHuangjie/
64,黃捷,民主進步黨,高雄市第六選區,黃捷,facebook,,向市民朋友報告，黃捷年度問政成績單！ 去年一整年，國會不平靜，但我無所畏懼、勇往直前，戮力問政、專業審查；更把握時間，近乎天天往返北高，勤走選區全心服務。 也很榮幸，去年代表台灣獲頒兩個國際獎項。這份殊榮，也化作我為土地投身的力量，來向世界傳達台灣自由多元的價值。 顧民生、挺人權、護主權，我會繼續為高雄奮鬥、為國家努力。 📍2024獲獎肯定 🏆榮獲BBC全球百大傑出女性 🏆榮獲時代雜誌全球次世代百大人物 🏆公督盟評鑑優秀立委 🏆口袋國會評鑑優秀立委 📍問政用心、服務最拚 ✔️質詢審查出席率100％ ✔️法案主提34案、共提15案 ✔️為選區爭取建設超過16億 ✔️選民服務8824件 ✔️地方會勘232場 ✔️法律諮詢864人次 ✔️政策協調86場 📍人本交通、照顧孩童 ✔️提案《行人交通安全條例》三讀通過 ✔️推動高雄表參道計畫改造高雄車站周邊街景 ✔️成功爭取高鐵南延進入…,,,https://www.facebook.com/KaohsiungHuangjie/
64,黃捷,民主進步黨,高雄市第六選區,黃捷,facebook,,新會期，為下一代而戰連線提出 12 項優先法案，以反兒虐、照顧為兩大主軸，我在記者會上特別提到《兒少性剝削防制條例》。,,,https://www.facebook.com/KaohsiungHuangjie/
65,許智傑,民主進步黨,高雄市第七選區,許智傑,facebook,2026-10-07,北高連線，作伙打拚隆總贏💪🏻 一起划SUP，我們都是市民們的Support💪 賴瑞隆、台北 沈伯洋,,,https://www.facebook.com/leer0105/
66,賴瑞隆,民主進步黨,高雄市第八選區,賴瑞隆,facebook,2026-10-08,這可能是我拍過最累，也最特別的一支影片。 近十個小時的拍攝，換了十幾次衣服、一次次重新化妝，在導演的嚴格要求下，一口氣挑戰了16個不同角色。 從學生、搭捷運的上班族、機車族、毛爸、攤商、農漁民、長輩、年輕家長、運動選手、文化表演者、樂迷、工程師，甚至還有外國朋友等。 在拍攝的過程，卻越來越覺得熟悉。 這些角色，正是每天都在我的身邊。 跑市場會遇到、站路口會遇到，一雙雙握過的手、一句句跟我說過的話，就是高雄最真實的日常。 拍攝的過程，我一直在想，如果今天我是他，我最在意的是什麼？我希望這座城市為我做什麼？又有哪些心聲，希望有人真正聽見？ 16個角色，不只是16次變裝，而是16種不同的生活，也是16種期待被市長聽見的聲音。 一次次換上不同的角色，也像是一次次站到不同的位置，看見每個人生活在意的事、面對的難題，這個過程都提醒我，無論走到哪裡，都要一直保持傾聽，把市民的聲音聽進去、放在心上，才能…,,,https://www.facebook.com/zenolai2/
66,賴瑞隆,民主進步黨,高雄市第八選區,賴瑞隆,facebook,,「南方崛起」是延續自 謝長廷 、 陳菊(花媽) 市長清楚而堅定的戰略目標，我將承接 陳其邁 Chen Chi-Mai 市長，守住關鍵第四棒，引領高雄邁向國際，再造光榮的下一個十年。 #南方崛起邁向國際 #TheRisingSouth #KaohsiungForTheWorld,,,https://www.facebook.com/zenolai2/
66,賴瑞隆,民主進步黨,高雄市第八選區,賴瑞隆,facebook,,上次台北 沈伯洋來高雄時，特別幫他準備了花襯衫，沒想到穿上後大受好評，讓他可以名正言順穿花襯衫跑行程,,,https://www.facebook.com/zenolai2/
67,鍾佳濱,民主進步黨,屏東縣第一選區,鍾佳濱,facebook,2026-10-08,感謝公督盟肯定，佳濱再度蟬聯優秀立委！💪 今日公督盟公布第11屆第五會期委員評鑑結果，佳濱再度獲得優秀立委殊榮，本屆連續五度全壘打！ 上會期佳濱加入經濟委員會，審查經濟、農業、產業、能源等預算及法案，積極為屏東爭取經費與建設；同時透過立法院考察，將中央資源帶回屏東，讓部會聽見鄉親的心聲，使預算經費精準挹注到鄉里的需求。 考察推動大型建設、會勘解決日常問題。佳濱與服務團隊也在各地會勘，爭取道路修繕、排水設施、簡易自來水塔結構修繕、自來水延管工程、老舊校舍與廁所改善、校園新建棒球運動場等經費。 針對循環原料飼料工廠設置、廚餘養豬政策落日配套措施、擴大遠距醫療適用範圍、無人載具產業發展、孤兒工業區管理、高屏地區用水調度等重大議題，佳濱也屢屢提出質詢、召開會議，讓地方與產業的需求成為政策變革的動力。 從早到晚、從北到南，無論在立法院或是在屏東，佳濱始終兢兢業業，將鄉親放在第一位。 第六會期已於…,,,https://www.facebook.com/cafe1965/
67,鍾佳濱,民主進步黨,屏東縣第一選區,鍾佳濱,facebook,,佳濱榮任經濟委員會召委，四大任務，全力以赴！,,,https://www.facebook.com/cafe1965/
67,鍾佳濱,民主進步黨,屏東縣第一選區,鍾佳濱,facebook,,向新園鄉親報告，佳濱成功爭取新園抽水站增設抽水機組「設計經費400萬元」核定！,,,https://www.facebook.com/cafe1965/
68,徐富癸,民主進步黨,屏東縣第二選區,徐富癸,facebook,2026-10-08,屏南小徐熱騰騰的第四會期成績單在這裡！ 在國會開會、質詢，也在地方跑會勘、跑協調。從台北到東港、到潮州，到恆春半島，每一個地方、每一件事情，都有人在等著我們幫忙把聲音帶出去。 這個會期的一些成果，團隊整理成幾張圖卡，跟大家做個簡單報告。 一路走來，很多事情能推進，是因為地方鄉親願意開口、地方民代願意一起拚，中央部會也願意一起找方法。 謝謝大家一路的信任與陪伴。下個會期繼續努力，繼續衝！,,,https://www.facebook.com/p/%E5%BE%90%E5%AF%8C%E7%99%B8-%E7%AB%8B%E6%B3%95%E5%A7%94%E5%93%A1-61550108731805/
68,徐富癸,民主進步黨,屏東縣第二選區,徐富癸,facebook,,這一次，我們把選手的世錦賽門票爭回來了！ 一個月前，我說：「行政程序來不及，就想辦法解決程序，不能用放棄來解決選手的參賽資格。」 昨天，終於等到這個好消息世界體操總會正式恢復李佳蔚、潘采宸的世錦賽參賽資格！,,,https://www.facebook.com/p/%E5%BE%90%E5%AF%8C%E7%99%B8-%E7%AB%8B%E6%B3%95%E5%A7%94%E5%93%A1-61550108731805/
68,徐富癸,民主進步黨,屏東縣第二選區,徐富癸,facebook,,問政再獲肯定！連續兩個會期榮獲公督盟評鑑「優秀立委」,,,https://www.facebook.com/p/%E5%BE%90%E5%AF%8C%E7%99%B8-%E7%AB%8B%E6%B3%95%E5%A7%94%E5%93%A1-61550108731805/
69,傅崐萁,中國國民黨,花蓮縣選區,傅崐萁,facebook,2026-10-02,【貨物稅該改革了！不要讓台灣落後日本韓國】 【傅崐萁籲行政院：還稅於民、共享經濟果實】,,,https://www.facebook.com/Fu.KunChi/
69,傅崐萁,中國國民黨,花蓮縣選區,傅崐萁,facebook,,【中秋訂房率全國第三 ，「塞爆」花蓮 傅崐萁：讓旅客來得多、留得久、消費留在地方】,,,https://www.facebook.com/Fu.KunChi/
70,黃建賓,中國國民黨,臺東縣選區,黃建賓,facebook,2026-10-05,台東縣明年起國中小營養午餐免費，實現對鄉親的承諾！ 教師節即將到來， 饒慶鈴縣長今天宣布攸關台東縣親師生的重大福利政策： ❣️ #國中小師生營養午餐免費且不排富 ❣️ #教師節禮金將調升為𝟮𝟬𝟬𝟬元，與台北市相同 饒縣長也特別強調，因為財劃法修正後，台東縣分配稅款將增加，只要中央經費如實撥下、並經議會通過，明年起相關政策就會上路！ 阿賓在立法院與在野立委共同努力，成功推動財劃法修正，大幅增加台東縣自主財源，就是要為台東人爭取更公平的福利與權益。 阿賓會持續強力監督中央，務必如實撥付給台東應有的預算，還給台東人公平的待遇，確保台東的政策、建設都能穩健執行，繼續向前！ 根據縣府說明： 💡敬師禮券發放對象：經學校聘(僱)用期間連續3個月以上的編制內、外教育工作者，包括校長、教師、教官、專任及專案計畫運動教練、運動防護員、園長、(代理)教保員、(代理)助理教保員、加置照顧服務人員、原住…,,,https://www.facebook.com/HCPTaitung/
70,黃建賓,中國國民黨,臺東縣選區,黃建賓,facebook,,尊重當地民意，台東市建農里蔣公銅像暫緩拆遷，有望由市公所接管！ 台東市建農里的蔣公銅像，是伴隨著當地居民數十年的歷史記憶，但國產署日前卻只憑一紙公文，就打算在今天啟動拆除，引發當地鄉親及里長強烈反彈。 阿賓第一時間立刻要求國產署，必須尊重當地民意，暫緩拆除銅像，阿賓今天上午也邀集各單位舉行協調會，感謝吳秀華議長、林金寶里長及多位議員代表、鄉親共同到場關心，為地方發聲。 特別感謝陳銘風市長，表達市公所願意接手管理，後續阿賓也會持續協調國產署及地方洽接，務必尊重民意，中央絕對不能僅憑意識形態，就用強硬的手段抹滅在地記憶！,,,https://www.facebook.com/HCPTaitung/
70,黃建賓,中國國民黨,臺東縣選區,黃建賓,facebook,,謝謝您，守護南迴的天使、鄉親心中的「超人醫師」—徐超斌醫師。 徐醫師出身達仁鄉排灣族土坂部落，從臺北醫學院畢業後，先進入奇美醫院工作，以優異的表現創紀錄地在最短時間內升上急診主治醫師，但在2002年，他毅然放下優渥的待遇、大醫院的光環，返鄉擔任達仁鄉衛生所主任，用往後的一生，守護家鄉。 「小病等著自然好，大病就看得路長還是命長」，這是徐醫師與許多南迴鄉親共同的無奈。由於年幼妹妹因急症送醫不及去世，徐醫師從小立志從醫，更致力改善偏鄉醫療，從達仁衛生所、大武急救站，到南迴醫院籌備、成立南迴診所，每一步，都是他燃燒自我的奉獻，即便受到病魔侵襲，他仍然堅守崗位，以超人般的意志，展現對家鄉無限的愛。 何其有幸，阿賓從大武鄉代表開始，到擔任鄉長、立委，能有機會與徐醫師並肩作戰，為了偏鄉醫療而努力，我們都非常清楚，偏鄉醫療面臨最關鍵的困境：資源不足、人力短缺、文化習慣差異。因此，如何有效介接醫療人力及…,,,https://www.facebook.com/HCPTaitung/
70,黃建賓,中國國民黨,臺東縣選區,黃建賓,facebook,,今天，台電台東區處處長趙淑芬來訪，針對台東地區供電穩定及輸配電系統改善等議題，跟阿賓交換意見。,,,https://www.facebook.com/HCPTaitung/
70,黃建賓,中國國民黨,臺東縣選區,黃建賓,facebook,,今天，是吳秀華競選台東縣長競選總部正式成立的日子，也是台東團結向前、共同打拚的重要時刻。,,,https://www.facebook.com/HCPTaitung/
71,楊曜,民主進步黨,澎湖縣選區,楊曜,facebook,2026-10-03,追風音樂節在周湯豪的歌聲中落幕,,,https://www.facebook.com/penghu.yao/
71,楊曜,民主進步黨,澎湖縣選區,楊曜,facebook,,返鄉與觀光人潮塞滿了中秋連假，讓澎湖整個熱鬧起來,,,https://www.facebook.com/penghu.yao/
72,陳玉珍,中國國民黨,金門縣選區,陳玉珍,facebook,2026-10-08,#新台金輪 #金門交通,,,https://www.facebook.com/KinmenMyLove/
73,陳雪生,中國國民黨,連江縣選區,陳雪生,facebook,2026-09-24,月滿中秋，情繫馬祖。 一路走來，有順境，也難免遇上考驗； 但不變的，是雪生對馬祖這片土地的感情， 以及對鄉親的惦念。,,,https://www.facebook.com/p/%E9%99%B3%E9%9B%AA%E7%94%9F-100002730369711/
73,陳雪生,中國國民黨,連江縣選區,陳雪生,facebook,,【台馬第四號海纜正式啟用 強化馬祖通訊韌性】 9/18台馬第四號海纜正式完工啟用，從規劃、預算到工程完成，一路走來並不容易。雪生感謝數位發展部、中華電信及所有參與工程的單位共同投入，讓馬祖的通訊韌性再增加一條重要的安全保障。 過去海纜中斷期間，鄉親在生活、工作及對外聯繫都受到影響，對離島而言，穩定的通訊是最基本、也最重要的基礎建設。,,,https://www.facebook.com/p/%E9%99%B3%E9%9B%AA%E7%94%9F-100002730369711/
74,鄭天財,中國國民黨,平地原住民,鄭天財,facebook,2026-10-08,2026.10.8. 早安 ! 平安 ! 早晨要撒你的種，,,,https://www.facebook.com/srakacaw/
74,鄭天財,中國國民黨,平地原住民,鄭天財,facebook,,2026.10.7.天財Sra Kacaw促成─交通部依《花蓮馬太鞍溪堰塞湖災後重建特別條例》之《特別預算》編列挹注馬太鞍溪永久橋，今日北上線合龍儀式，北上線預計今年(115)年底可雙向通車！,,,https://www.facebook.com/srakacaw/
75,黃仁,中國國民黨,平地原住民,黃仁,facebook,2026-10-02,智慧、經驗、執行力，城市升級必備的三種元素齊聚臺中，全臺灣最團結的戰隊已經成形，現在就差現場你的加入！我們一個都不能少💪 【臺中市長候選人 江啟臣競選總部成立大會】 時間｜10 月 4 日（日）上午 09:00 地點｜市政北一路、惠來路二段路口（歡迎轉發相揪！） 作夥拚、繼續衝，10/04（日）上午，我們現場見證大團結！,,,https://www.facebook.com/kincyang1/
75,黃仁,中國國民黨,平地原住民,黃仁,facebook,,國民黨提名【黃仁強力推薦】 「中央地方一條龍服務」 🤝攜手前進與您同行 共創美好臺東💖 懇請支持 讓改變發生 一起加油 #立法委員黃仁 #台東縣議員參選人 #台東囡仔王春梅 #中央地方一條龍服務 #攜手前進 #與您同行 #共創美好台東,,,https://www.facebook.com/kincyang1/
75,黃仁,中國國民黨,平地原住民,黃仁,facebook,,智慧、經驗、執行力，城市升級必備的三種元素齊聚臺中，全臺灣最團結的戰隊已經成形，現在就差現場你的加入！我們一個都不能少 【臺中市長候選人 江啟臣競選總部成立大會】,,,https://www.facebook.com/kincyang1/
76,陳瑩,民主進步黨,平地原住民,陳瑩,facebook,2026-10-07,遇到了剛滿100歲的奶奶,,,https://www.facebook.com/11YIG/
76,陳瑩,民主進步黨,平地原住民,陳瑩,facebook,,夜已深，有一群幹部仍不辭辛勞，擔任我的分身，為我挨家挨戶拜票。,,,https://www.facebook.com/11YIG/
77,盧縣一,中國國民黨,山地原住民,盧縣一,facebook,2026-10-08,立法院第十一屆第六會期 選舉召委日,,,https://www.facebook.com/sasuyu.ruljuwan/
78,伍麗華,民主進步黨,山地原住民,伍麗華,facebook,2026-10-07,今天公督盟評鑑成績出爐，中午的時候，助理傳訊息告訴我：「恭喜委員/委員第五會期的成績114.02分/非常高/是全院第二名/三讀通過案居然是第一名」。,,,https://www.facebook.com/SaidaiWinForUS/
78,伍麗華,民主進步黨,山地原住民,伍麗華,facebook,,台東金峰鄉的高成良村長，非常高興地打電話給我：「委員！我們村裡的大學生，得到 #全世界木工比賽銀牌！」那個語氣非常興奮，不是在說自己的孩子，卻比自己的孩子得獎還高興。,,,https://www.facebook.com/SaidaiWinForUS/
79,高金素梅,無黨籍,山地原住民,高金素梅,facebook,2026-10-08,讓原民孩子，也能走向世界 ～2026.10.07 高金素梅,,,https://www.facebook.com/giwas888/
79,高金素梅,無黨籍,山地原住民,高金素梅,facebook,,祖靈庇佑 堅定前行～高金素梅 2026.10.05,,,https://www.facebook.com/giwas888/
80,林月琴,民主進步黨,全國不分區,林月琴,facebook,2026-10-08,\林月琴政治獻金專戶正式上線！/ 從宣布參選 #苗栗市長 以來，收到許多鄉親的鼓勵與支持，每一句加油、每一次握手、每一個微笑，都讓我更堅定，要為苗栗市全力以赴。 當賴清德總統徵詢我參選的意願時，我義不容辭接下這份責任。因為我是 #苗栗客家女兒，也是從事 #兒少與社福工作 三十年的工作者。我始終相信，照顧好每一個人，就是一座城市最重要的價值。 這段時間，我走進市場、走進社區、走進鄉親家中，從孩子的教育、青年的發展，到高齡照顧、醫療資源、交通建設，我聽見大家對苗栗市的期待，也更確信，苗栗值得更好的未來。 如果您認同我的理念，也相信專業、認真、堅持可以帶來幸福與改變，誠摯邀請您成為月琴最堅強的後盾。 您的每一筆小額捐款，不只是對我的支持，更是對苗栗市未來的一份投資。我一定會珍惜每一份託付，秉持著投入社福工作的初心，繼續傾聽、繼續努力，讓苗栗成為一座更幸福、更有希望的城市。 專業女力、幸福苗栗，…,,,https://www.facebook.com/yuehchin2023/
80,林月琴,民主進步黨,全國不分區,林月琴,facebook,,【林月琴 苗栗市長 參選聲明】 主席、各位黨內先進、各位媒體朋友、各位關心苗栗發展的鄉親，大家好： 今天，月琴正式接受 民主進步黨 徵召，參選 #苗栗市 市長。 首先，我要感謝 賴清德 主席的信任與肯定，也感謝中央與地方黨部的支持，讓我有機會承擔這項重要責任。 我是來自 #苗栗市 的 #客家女兒，係苗栗市个 #客家妹仔。 從小，我看著阿婆與母親辛勤工作長大，也從她們身上學會客家女性刻苦耐勞、堅持到底的精神。這份韌性，陪伴我走過人生每一個階段，也成為我投入公共服務最重要的力量。 月琴三十年來，投入兒少及社會弱勢的服務工作，陪伴許多家庭走過人生最艱難的時刻。長期以來，我做的都是照顧人的工作，所以我善於傾聽。我知道長輩與孩子的需求，更知道年輕人顧老顧小的辛苦。因此，顧好每一個家，就是我參選的理由。 有人說，苗栗市是艱困選區，是一個小地方，不明白為什麼要由不分區排名第一的立法委員來參選。我要跟各…,,,https://www.facebook.com/yuehchin2023/
80,林月琴,民主進步黨,全國不分區,林月琴,facebook,,#三喜臨門！#公督盟 四度 #優秀立委！#口袋國會 全院、委員會 #特優委員！#全院委員 第一名！ 今天，除了順利將 #兒托法 三讀通過，更是 #口袋國會 的 #頒獎典禮 與 #公督盟 的 獲獎公佈記者會，月琴在今天分別榮獲 🏅#口袋國會 評比全院第一名！ 🏆#口袋國會 全院、委員會 #特優委員！ 🏆#公督盟 四度 #優秀立委 ！ 秉持著顧兒少、護交通、挺社福的理念，從法案提案的數量，到質詢的專業內容，我一再精進自己，不斷地拜會、請益、開會、研討，甚至是每次的法案審查，我都全程參與！ 不為了什麼，只為了像今天兒托法三讀一樣，用制度撐起每一個人！ 謝謝我辛苦的辦公室團隊，以及支持我的夥伴們 🫶 身為全院第一名的社福與兒少立委，我會繼續衝！,,,https://www.facebook.com/yuehchin2023/
80,林月琴,民主進步黨,全國不分區,林月琴,facebook,,恭喜 醫師王正旭 擔任本會期 #衛環委員會 召委！也恭喜國民黨 #陳菁徽 委員 ！,,,https://www.facebook.com/yuehchin2023/
80,林月琴,民主進步黨,全國不分區,林月琴,facebook,,「我就是要幫大家形成共識的那個人。」看完 #沈伯洋 的專訪，這句話讓我印象最深刻、也身有同感！ 進入立法院後，我深刻體會到，推動法案需要不斷溝通、協調，也需要願意理解不同立場的人。 這讓我想起當時修《#兒少性剝削防制條例》，我和伯洋一起與民間團體、政府溝通，努力尋求共識的過程。,,,https://www.facebook.com/yuehchin2023/
81,沈伯洋,民主進步黨,全國不分區,沈伯洋,facebook,2026-10-08,沈伯洋「HEART」五大政見正式發布，從城市的空間、機會、陪伴、韌性與時間，全面打造台北的市政生態系！,,,https://www.facebook.com/puma.taipei/
81,沈伯洋,民主進步黨,全國不分區,沈伯洋,facebook,,讓青年安心打拚，讓台北向前。 謝謝青商之友後援會的支持，讓我們一起走向更好的未來。,,,https://www.facebook.com/puma.taipei/
82,張雅琳,民主進步黨,全國不分區,張雅琳,facebook,2026-10-08,今天收到了兩份珍貴的肯定。 我在第四會期再次獲得： 🥇口袋國會｜全院表現特優委員 🥇公督盟｜優秀立委（第三度獲獎） 一個是今天頒獎，一個是今天公布名單， 雙重的肯定，背後是無數個在委員會、質詢台與法案之間奔走的日夜。 很多人問，立委每天都在忙什麼？其實，更多時候我們做的是「看不見的工作」，為了法案反覆協調，為了制度逐條修正，一次次把社會的齒輪往前推動那麼一點點。 感謝 公民監督國會聯盟（公督盟） 及 #口袋國會 兩個國會評鑑機構對我的問政肯定， 感謝我的團隊夥伴，在聚光燈照不到的地方，陪伴我專業前行。 感謝長期支持我的朋友和民間團體， 你們的信任是我的底氣， 這條路，我會繼續堅定往前💪,,,https://www.facebook.com/NgalimTiunn/
82,張雅琳,民主進步黨,全國不分區,張雅琳,facebook,,⭐連假開工第一天，來看看我的第四會期政績成果報告吧！ 從推動兒童權益走進國會， 我非常清楚，孩子的成長環境， 需要透過與時俱進的政策去撐起防護網， 讓每個家庭，都能在制度裡被好好接住。 #兒少優先 是我始終如一的信念。 謝謝辦公室助理與各領域團隊夥伴一路並肩努力， 我們才能在繁忙的會期中，一起交扎實的成績： ⚾29場質詢｜深耕教文、衛環、經濟委員會，強力監督。 ⚾248件法律提案｜完善法規制度，回應社會脈動。 ⚾10場公聽會.座談會｜凝聚社會共識，傾聽真實聲音。 ⚾30場記者會｜為弱勢發聲，帶動議題討論。 ⚾248件地方服務案｜從中央到地方，守護不分遠近。 這個會期有八大面向的重要推進： 1️⃣三讀進展｜《AI人工智慧基本法》、《青年基本法》通過，納入兒少利益優先 2️⃣兒少支持｜把關兒家署組織法，推動擴大兒少發展帳戶 3️⃣親子政策｜托育補助與育兒津貼併行推進 4️⃣運動安全｜小學生足…,,,https://www.facebook.com/NgalimTiunn/
82,張雅琳,民主進步黨,全國不分區,張雅琳,facebook,,很榮幸獲推舉擔任立法院司法及法制委員會召委，謝謝委員會同仁的支持與信任！,,,https://www.facebook.com/NgalimTiunn/
82,張雅琳,民主進步黨,全國不分區,張雅琳,facebook,,世界冠軍的背後，不能只靠孩子拚、教練和學校自己撐。,,,https://www.facebook.com/NgalimTiunn/
83,羅美玲,民主進步黨,全國不分區,羅美玲,facebook,2026-10-08,外交國防 戰力強 第十一屆第六會期，民進黨團推舉 王義川 委員擔任外交國防委員會召委！,,,https://www.facebook.com/lowmeiling0501/
83,羅美玲,民主進步黨,全國不分區,羅美玲,facebook,,今晚出席南投國姓鄉的座談會，台下有位專心聽講的聽眾，這位黑狗兄聽得津津有味，超可愛的啦！逗得台上的大家非常開心,,,https://www.facebook.com/lowmeiling0501/
84,范雲,民主進步黨,全國不分區,范雲,facebook,2026-10-08,告密者、我和我的監控檔案（上） 促轉會的校園監控研究專案，邀請我去看自己被監控的檔案。這是我的筆記。 😱超過千件檔案，八六年後唯一有專卷被監控的學生 和我有關的檔案，＃超過千件。比較特別的是，我是一九八六年之後，唯一一位有專卷，也就是被 ＃情治系統 以「專案」監控的學生。 當時的監控系統遍布全台各個校園與學運社團，對我的專案監控代表情治單位做了決定，要蒐集我違反國家法令的證據，準備有機會起訴，因此必須加強個人監控。專卷的批示如下（1990年1月）： 范女 --「具強烈抗爭意識…已無轉化可能」 --「妨害校園安寧與社會安全甚巨」 --「擬積極註偵其推動學運，與分離團體關係，具體勾聯不法事證，俾憑法證」。 🤔何時解除對我的監控？ 後來解除個人專卷監控的理由是，因為刑法一百條廢止後，不再處罰台獨的思想犯。個人專卷最後述明： 「刑法100條後修正普通內亂罪…范某雖與獨派走得很近，個人也傾向支…,,,https://www.facebook.com/daan4fanyun/posts/pfbid02F4zZCwQ65SW5uaMzsYhxWrFXNrXUxMQDCMpq5cY83JieGgkdx3JW1kfZVUerxTh3l
84,范雲,民主進步黨,全國不分區,范雲,facebook,,國會下一代連線力挺沈伯洋、林月琴！公布本會期優先法案，讓台灣順起來！,,,https://www.facebook.com/daan4fanyun/
85,柯建銘,民主進步黨,全國不分區,柯建銘,facebook,2026-10-08,2026/10/8民進黨團輿情回應記者會,,,https://www.facebook.com/kerchenming/
85,柯建銘,民主進步黨,全國不分區,柯建銘,facebook,,2026/10/7民進黨團輿情回應記者會,,,https://www.facebook.com/kerchenming/
85,柯建銘,民主進步黨,全國不分區,柯建銘,facebook,,2026/10/6民進黨團輿情回應記者會,,,https://www.facebook.com/kerchenming/
86,沈發惠,民主進步黨,全國不分區,沈發惠,facebook,2026-09-25,中秋佳節，最珍貴的就是與家人相聚的時光。祝福每一位鄉親，不論身在何處，都能平安順心、幸福團圓。,,,https://www.facebook.com/shenfahui/
86,沈發惠,民主進步黨,全國不分區,沈發惠,facebook,,居住正義的落實，仰賴中央與地方的務實協作，今日 #林月琴委員 邀約，我與內政部 #劉世芳部長 和縣長候選人 陳品安 一同到苗栗市參加住都中心興辦之社會住宅「 #明駝好室」。 「明駝好室」的落成，是中央社宅政策向非六都拓展的重要指標，總計提供107戶住宅單元，並配合保留20%比例優先照顧新婚或育有學齡前幼兒的青年家庭，在租金規劃上，全,,,https://www.facebook.com/shenfahui/
87,莊瑞雄,民主進步黨,全國不分區,莊瑞雄,facebook,2026-10-07,TPBL第三季，來真的！,,,https://www.facebook.com/dpp.ptbear/
87,莊瑞雄,民主進步黨,全國不分區,莊瑞雄,facebook,,今天 #51戰隊 來到 台北 沈伯洋 競選總部成立大會，現場只有一個感想：這股「洋流」真的很強！,,,https://www.facebook.com/dpp.ptbear/
88,林楚茵,民主進步黨,全國不分區,林楚茵,facebook,2026-10-08,#三票民進黨 #投票護台灣 終於到了投票日前一天 還在猶豫要不要回家投票嗎？ 這次的選舉，不只是決定我們要向世界傳遞什麼樣的訊息 更是選擇台灣未來要走上什麼樣的道路 明天就是投票日 請一定要返鄉投票 絕對不能讓黑金政客、家族政治繼續染指台灣！ 我們要用手中的選票決定台灣的未來，讓台灣繼續在對的路上穩健前行 #為台灣挺身而出 #出來投票就會贏,,,https://www.facebook.com/setchuyinlin/
88,林楚茵,民主進步黨,全國不分區,林楚茵,facebook,,謝謝滿場新北鄉親 請記住今晚的感動💕 #出門投票才會贏 最後一小時 拜託所有Team Taiwan的朋友 繼續拉票、催票、固票 台灣民主這條路從來不容易 我們已經 #在路上 #三票民進黨 世界的台灣 #不走回頭路,,,https://www.facebook.com/setchuyinlin/
88,林楚茵,民主進步黨,全國不分區,林楚茵,facebook,,【#94要客訴】2026.10.08 高畫質直播看這裡 >> https://setnsocial.psee.ly/9q7t8h,,,https://www.facebook.com/setchuyinlin/
88,林楚茵,民主進步黨,全國不分區,林楚茵,facebook,,立法院外交國防新會期委員會開始囉！ 恭喜阿川 王義川昨天緊張一整晚，祈禱成功,,,https://www.facebook.com/setchuyinlin/
89,郭昱晴,民主進步黨,全國不分區,郭昱晴,facebook,2026-10-08,昨晚睡前，慣性划一下THREADS， 看看這股洋流有多洶湧， 發現阿扁總統 陳水扁新勇哥物語 除了回應我。。。 ~還偷臭另一位，噗! 今年四月，有脆友分享我YT的質詢影片， 瀏覽人次超過107萬次， 阿扁總統也來海巡留言。 謝謝阿扁總統的肯定，我會加油， 還要再次努力的找回當初1994年， 您為台北市帶來的光榮感! 我們的市長 台北 沈伯洋一定可以的!! 話說，名字中有【洋】的都好優秀耶~~~ 也要給目前正在名古屋， 為台灣選手加油打氣的 李洋/Lee Yang部長加油! #台灣加油 #台北順起來,,,https://www.facebook.com/jeankuo329/
89,郭昱晴,民主進步黨,全國不分區,郭昱晴,facebook,,🇨🇭 直擊日內瓦，兩場發言。 這次跨黨派視導團來到日內瓦，兩場關鍵發言。 健康是普世人權，把台灣排除在外，是全球防疫的巨大缺口和損失。 我們擁有頂尖的醫療實力，台灣不僅能幫忙，更不該被遺漏！ 今早（瑞士時間）在WHA現場，包括日本、法國、澳洲、德國、盧森堡、立陶宛等國，都公開為台灣發聲；歐盟也明確表示，任何國家都不應被排除在全球健康體系之外。 Who cares? Taiwan cares! #TaiwanCanHelp #LeaveNoOneBehind #WHA2026,,,https://www.facebook.com/jeankuo329/
89,郭昱晴,民主進步黨,全國不分區,郭昱晴,facebook,,中央政府總預算去年8月29日就送進立法院。不是昨天、不是上週，是整整躺了144 天。一頁都沒翻、一個字都沒審。直到發現： ⚠️ 會影響通勤族的 TPASS ⚠️ 會影響年輕家庭的生育補助 ⚠️ 會影響各縣市的治水、防災建設 知道會被罵，但又不把預算交付委員會好好審，開始用挑，用撿的。 👉 把預算不審而「無法動支的新興及延續計畫預算」 2992 億中，只挑38項逕付二讀，其他7成以上照樣丟包。 ✔️補充說明：依法預算無法通過，如有急迫性需先行動支，也應該是行政院主動提案，才徵求立法院同意。 但這次是由藍白自行挑718億、38項計畫，根本是越權行使行政院的提案權。違反行政、立法權責分際的基本原則，邊卡預算邊搶權力。 另外，再說一次程序委員會是幹嘛的？ 👉 就是立法院的「掛號櫃檯」。 國防預算特別條例，已經被藍白擋了整整 8 次，連掛號都不給掛。 為什麼？因為他們知道一旦交付委員會審查，凍…,,,https://www.facebook.com/jeankuo329/
89,郭昱晴,民主進步黨,全國不分區,郭昱晴,facebook,,我們民進黨委員們今早召開「#台灣順起來_下一代好起來 」為下一代而戰連線 11-6 優先法案記者會，齊力推動民生照顧法案，為台灣的下一代、為弱勢發聲而努力。,,,https://www.facebook.com/jeankuo329/
89,郭昱晴,民主進步黨,全國不分區,郭昱晴,facebook,,我正在看⋯⋯你們呢？ 台北 沈伯洋真的有條理的回答每一個問題，,,,https://www.facebook.com/jeankuo329/
90,王正旭,民主進步黨,全國不分區（遞補游錫堃）,王正旭,facebook,2026-10-08,11-6會期衛環委員會召委上任_2026.10.08 今天（10/8），非常感謝民進黨衛環委員會的同仁，願意推舉我擔任11-6會期衛環委員會的召委。 這個會期是預算會期，所以審議衛福部、勞動部與環境部的預算，讓相關部會的預算都能在法定時程內完成審議，絕對是這會期最重要的工作。 同時，這會期仍有許多已經在委員會審議中或已經付委的法案，包括食安法、國民年金法、就業服務法提高薪資揭露門檻等，都需要排審處理。另外，像是人體生物資料庫管理條例、傳染病防治法、兒少權法、兒少性剝削防制條例、還有社會救助法與優生保健法等法案，在行政院版送進立法院後，也希望能來排審推動。 而為了配合健康台灣政策，包括癌症防治法、慢性病防治法、醫療資訊與人工智慧的管理和應用等，也都希望能召開相關法案的公聽會或審議。期待這會期仍能在大家的共同努力下，持續推動對我國人民健康、勞動權益與環境相關的保障。,,,https://www.facebook.com/wch1956/
90,王正旭,民主進步黨,全國不分區（遞補游錫堃）,王正旭,facebook,,立法院第11屆第6會期新會期報到 持續協助推動健康台灣政策，保障國人健康與醫病權益 今天是立法院第11屆第六會期的報到日，轉眼間，這屆的立委屆期就只剩下最後的一年半。這會期是預算會期，最重要的任期無疑是審查中央政府總預算，和51戰隊的黨團同仁一起努力，儘力避免各種不合理的審查程序與提案，包括像這次連庇護工場訂單都被刪減這種狀況不要再度發生。 再來，在衛環委員會中也還有許多重要的法案尚待通過，包括性工法和就保法的修法，要將目前子女3歲以下的育嬰假擴大適用年齡，並將育兒留停津貼增加為6+3最多9個月，以及攸關國人食安保護的食安法修法等，都希望能在新會期順利通過。 同時，在健康台灣政策的推動上，無論是醫界還是病友團體，都有許多立法和修法的建議與期待，包括配合三高888防治計畫，強化生活型態醫學及社會處方與健康促進政策來推動慢性病防治法的立法，或者是修正癌症防治法以因應目前癌症存活率提高後，新增…,,,https://www.facebook.com/wch1956/
90,王正旭,民主進步黨,全國不分區（遞補游錫堃）,王正旭,facebook,,加重罰則嚇阻醫療暴力，維護醫療執業安全！ 開放法人出任醫療社團法人社員，兼顧醫療永續經營與公益！ 今天《醫療法》部分條文修正案三讀通過，身為衛環委員會的委員、也是提案人之一，我要特別感謝衛環委員會各黨團的委員，還有衛福部、以及醫界共同的努力，讓這部法案可以通過協商，達成共識，在今天順利三讀通過。 這次醫療法的修正通過，特別是在加強防制醫療暴力，以及開放法人擔任社團法人醫院並予以合理監管的部分，其實代表著我們國家與政府對第一線醫事人員的明確承諾，我們要提供第一線醫事人員具體需要的法律後盾與保障，讓所有的醫療從業人員能夠安心執業，也讓醫療體系能夠走得更長遠。 首先，是針對醫療暴力的加強防制。這幾年來，無論是從新聞媒體上，或者是在醫療第一線實務上，醫療暴力從未間斷，平均一年超過三百件妨礙醫療業務案件，急診室更是首當其衝，過去的罰鍰只有三到五萬元，嚇阻力明顯不足，因此在這次修法，我們將罰鍰提高到…,,,https://www.facebook.com/wch1956/
91,王義川,民主進步黨,全國不分區（遞補洪申翰）,王義川,facebook,2021-01-15,交通國家隊,,,https://www.facebook.com/ariver1972
91,王義川,民主進步黨,全國不分區（遞補洪申翰）,王義川,facebook,,注意注意！ 台中公車10公里免費綁卡特別提醒 1.花博卡市民卡不能自動綁定 2.因為車上的機器忘了設定icash，所以綁icash是在哈囉？要再拿一張不是花博卡的去綁！ 3.icash好像被歧視,,,https://www.facebook.com/ariver1972
92,陳培瑜,民主進步黨,全國不分區,陳培瑜,facebook,2026-10-08,大家好，我是陳培瑜。 這十天我有了一個新的工作，我成為了新就任的民主進步黨不分區立法委員。 許多人也許對我陌生，所以讓我自我介紹一下。 在成為一個立法委員之前，我曾經在花蓮美崙開了一間兒童書店，它的名字寓含了我和先生的夢想：凱風卡瑪。 在書店裡，在靠海很近的地方，我把過去在研究所階段和社區工作階段的學習和對生活的想像，都一起放進書店日常當中。我們在書店，把環境永續、閱讀教育、性別多元、親職教育等議題，透過選書也透過講座活動分享給花蓮的孩子、家長及師長。 書店於2013年暫時結束營業，我們返回故鄉台北，在陪伴兩個孩子長大的同時，我以「半媽半Ｘ」的身份，持續與許多學校、家長團體、書店、出版社合作推廣兒童閱讀教育以及親職教育相關工作。 在這段不算短但也還不夠長的台北生活時光中，我一直持續保持著對兒童青少年教育和出版閱讀文化議題的關注和支持。 我接下來也會在立院開議時，先從兒童青少年教育和出版閱…,,,https://www.facebook.com/peiyu901/
92,陳培瑜,民主進步黨,全國不分區,陳培瑜,facebook,,公督盟立委評鑑結果出爐，我再次獲得優秀立委肯定，目前獲得率維持100%,,,https://www.facebook.com/peiyu901/
93,韓國瑜,中國國民黨,全國不分區（立法院長）,韓國瑜,facebook,2026-10-04,【兩個國瑜，兩種身分，腳步不停！】,,,https://www.facebook.com/twherohan/
93,韓國瑜,中國國民黨,全國不分區（立法院長）,韓國瑜,facebook,,中華民國各界慶祝 115 年國慶記者會 正式揭曉今年國慶大會的核心亮點。,,,https://www.facebook.com/twherohan/
94,柯志恩,中國國民黨,全國不分區,柯志恩,facebook,2026-10-08,夢想海港，世界雄心｜柯志恩官方競選網站正式上線！ 政治文宣總是讓人覺得遙遠又複雜嗎？ 這次，我們決定把事情變得簡單，讓政策真正貼近您的生活！ 我的競選官方網站今天正式上線啦！透過一站式數位平台，我們把對高雄的願景、政策與最新動態，用最直覺、最充滿溫度的方式呈現給大家。 網站五大亮點一次看： ▌認識志恩： 完整呈現我的學經歷與參選初衷。記錄四年來深耕高雄的點滴，帶您看見「這柯不一樣」的堅定承諾！ ▌完整政見主張： 公開包含「教育典範」、「成就青年」等九大方針藍圖，看見高雄的無限可能。 ▌即時闢謠專區： 第一時間公布查證資訊，邀請大家一起守護理性、乾淨的選舉。 ▌最新影音與行程： 隨時掌握選戰脈動，讓我的腳步與您同行。 ▌線上捐款： 全面支援信用卡與行動支付，提供安全便利的支持管道，感謝每一份相挺的力量！ 為了跳脫傳統政治網站繁雜的資訊堆疊，網站設計導入了「減法美學」。以簡約乾淨的介面搭配紀…,,,https://www.facebook.com/KoChihEn/
94,柯志恩,中國國民黨,全國不分區,柯志恩,facebook,,昨天傍晚和鳳山的議員、里長們來到 #鳳西市場，收穫滿滿的支持與感動！,,,https://www.facebook.com/KoChihEn/
95,葛如鈞,中國國民黨,全國不分區,葛如鈞,facebook,2026-09-17,中國 AI 是假的。訪美這幾天，我拿到許多具體情報，也印證了我一直以來的判斷。,,,https://www.facebook.com/Dr.JuChunKO/
96,翁曉玲,中國國民黨,全國不分區,翁曉玲 Hsiao-Ling Weng,facebook,2026-10-07,＃只殺2人不能判死 #上樑不正下樑歪 ＃恐龍大法官造就不判死的小法官,,,https://www.facebook.com/p/%E7%BF%81%E6%9B%89%E7%8E%B2-Hsiao-Ling-Weng-61555223878555/
96,翁曉玲,中國國民黨,全國不分區,翁曉玲 Hsiao-Ling Weng,facebook,,＃法國高中生學運 ＃找無老師上課引發學生抗議 這週國際間最受關注的教育新聞，就是法國高中生學運。,,,https://www.facebook.com/p/%E7%BF%81%E6%9B%89%E7%8E%B2-Hsiao-Ling-Weng-61555223878555/
97,陳菁徽,中國國民黨,全國不分區,陳菁徽,facebook,2026-10-08,衛環委員會，雙醫師召委。,,,https://www.facebook.com/Dr.ChingHuiChen/
97,陳菁徽,中國國民黨,全國不分區,陳菁徽,facebook,,社區中心發毒品爭議！民進黨官員不能領了船員證，結果都跳船了！,,,https://www.facebook.com/Dr.ChingHuiChen/
98,吳宗憲,中國國民黨,全國不分區,吳宗憲,facebook,2026-10-08,【吳宗憲─憲政熱映中 政策官方網站正式上線！】 🔹官網網址：https://www.yilan2026.tw/ 吳宗憲的官方政策網站今天正式上線～希望打造屬於宜蘭鄉親的「走新路行動地圖」。從政策願景、新聞影音，到即時闢謠與線上小額捐款，所有資訊一次整合，讓大家更清楚看見我們對宜蘭未來的規劃與方向。 📌網站四大亮點： 🔹【政見資料庫】 完整公開吳宗憲提出的各項政見，從「宜蘭線+1」跨縣市合作戰略，到三明治世代、高齡、婦幼、勞工等政策。政見內容持續更新中，展現吳宗憲務實治理、積極改革的決心！ 🔹【新聞影音】 政見發表、記者會、地方走訪、政論節目、質詢問政等，吳宗憲相關影音內容不定期更新。 🔹【即時闢謠專區】 選舉期間假訊息滿天飛，我們選擇用公開透明面對。網站設置即時闢謠專區，公布查證內容與事實對照，也歡迎大家一起回報不實資訊，共同守護理性選風與民主聖地的精神。 🔹【線上小額捐款】…,,,https://www.facebook.com/jameswu88/
98,吳宗憲,中國國民黨,全國不分區,吳宗憲,facebook,,【挺正直！挺實在！宜蘭走新路，你我一起來】 這段時間，謝謝很多鄉親朋友一路上的鼓勵與支持。從市場、街頭，到一場又一場的座談、記者會與活動，我越來越確信：宜蘭，真的需要改變。 但改變，從不是一個人就能完成的事。每一份支持、每一筆小額捐款，都是推動宜蘭向前的重要力量。 如果你也認同： ✔️ 政治少一點、民生多一點 ✔️ 宜蘭需要新的發展方向 ✔️ 65歲以上免健保費 ✔️ 一鄉鎮一公托，公托、準公托免月費 ✔️ 0–3歲每月1000元嬰幼兒用品補助 ✔️ 全年齡每胎5000元羊膜穿刺補助 邀請你一起加入我們，成為改變宜蘭的一份力量。 📌現在掃描 QR Code，即可線上小額捐款。不論金額大小，都是對我們最大的鼓勵。 挺正直！挺實在！宗憲會繼續全力以赴，和大家一起，讓宜蘭走新路。,,,https://www.facebook.com/jameswu88/
98,吳宗憲,中國國民黨,全國不分區,吳宗憲,facebook,,【立法院新會期，繼續~對好人更好，對壞人更壞】,,,https://www.facebook.com/jameswu88/
99,林倩綺,中國國民黨,全國不分區,林倩綺,facebook,2026-10-07,📌【公聽會發聲｜停砍止損，恢復信任】 今天倩綺出席《公立學校教職員退休資遣撫卹條例》公聽會持續為公教權益發聲，與來自教育界、退休團體等專家學者一同交換意見，感謝所有願意為制度更公平、更穩健而發聲的朋友們。🙏 我們的立場很清楚： 🔹 停止替代率每年遞減機制，從113年起不再適用； 🔹 恢復年金與物價、薪資調整的聯動； 🔹 讓退休制度能真正反映生活現實。 這不是走回頭路，而是要讓制度恢復平衡與誠信。 當年以「財務永續」為名啟動改革，但現實卻讓許多退休教職員的生活越來越吃緊。 所得替代率逐年遞減，年金又與現職薪資脫鉤，物價年年上漲、醫療支出暴增，退休人員被迫承受雙重壓力。 主計總處自己也公布「高齡家庭消費者物價指數」，高齡者面對的實際生活壓力是大於一般家庭的，1990年，臺灣家庭支出結構醫療保健只佔4.78%，2024年已躍升到接近15%，高齡族群所受衝擊最為深遠，然而制度卻沒有給予…,,,https://www.facebook.com/cclinchienchi/
99,林倩綺,中國國民黨,全國不分區,林倩綺,facebook,,法律的進步，是社會進步的基石。 《公益揭弊者保護法》三讀通過的，是我們邁向更公正、更透明社會的重要一步。揭弊者，是一個社會中不可或缺的正義力量，他們的行為，往往需要極大的勇氣，因為揭露真相可能帶來極大的個人代價。過去，我們看到許多揭弊者因為站出來，失去了工作、面臨法律訴訟，甚至遭受人身安全的威脅。這種情況，不僅讓真相的聲音被壓制，也讓更多的人選擇噤聲，使得不公與腐敗得以滋長。 因此，《公益揭弊者保護法》的通過，具有重要的意義。為那些願意揭發不法行為的人提供充分的法律保障，讓他們無需擔心因為揭弊而遭受不公的對待。對於促進全民參與與監督具有深遠影響。揭弊者的行動不僅僅是個人的選擇，更是一種社會參與的表現。 法律的通過只是第一步。未來還需我們持續監督，確保這部法律能被有效落實，真正發揮其應有的效用! @追蹤者 #揭發不法行為 #全民監督,,,https://www.facebook.com/cclinchienchi/
99,林倩綺,中國國民黨,全國不分區,林倩綺,facebook,,【新北市原住民族服務中心重新啟用｜新北原民服務再升級】,,,https://www.facebook.com/cclinchienchi/
101,許宇甄,中國國民黨,全國不分區,許宇甄,facebook,2026-10-07,不接受徐佳青請辭換結案 法律沒有「下台免責條款」 針對徐佳青請辭，宇甄要強調，請辭只能解決政治責任、降低選舉衝擊，但絕對不能終結法律責任！ 徐佳青可以離開官位，但違法的證據不能跟著消失，法律責任更不能一筆勾銷。既然台北地檢署已經分案調查，檢調就必須一路徹查到底，絕不能因為徐佳青下台，就讓整起重大疑案跟著「政治結案」。 現在社會大眾要追究的，不是徐佳青還適不適合當官，而是她在任職期間到底有沒有違法濫權、公私不分！宇甄要求檢調與外交部必須向全民說清楚： ❓掛名疑雲：兒子為何會以「攝影官」名義出現在相關公務資料中？ ❓特權私用：丈夫是否曾違規搭乘、使用外館公務車？ ❓公器私用：到底有沒有動用駐外館處的人力、車輛、接待或其他國家外交資源？ ❓核銷責任：是誰下令？誰核准？誰配合？相關費用又是如何核銷的？ 這些都是清清楚楚的法律與行政責任，外交部既然已要求駐美、駐德代表處查明，就必須立刻保全所有公文…,,,https://www.facebook.com/p/%E8%A8%B1%E5%AE%87%E7%94%84-%E7%AB%8B%E6%B3%95%E5%A7%94%E5%93%A1-61568111112968/
101,許宇甄,中國國民黨,全國不分區,許宇甄,facebook,,比毒品更毒的，是政治算計的惡毒！ 三大造謠案全翻車，蘇巧慧何時要向受害者道歉？ 今天上午，宇甄與桃園市議員凌濤、新北市議員參選人鄧凱勛及國民黨前發言人楊智伃，共同召開「揭露蘇巧慧說謊真面目」記者會。我們常說毒品害人，但比毒品更毒的，是政治人物為了選舉算計，所展現出的惡毒！ 一個政治人物的「誠信」是最基本的底線。然而，蘇巧慧卻屢次成為「三大造謠案」的幫兇，把無辜的人推向深淵，事後卻拍拍屁股走人，至今連一句道歉都沒有。這樣誠信破產、道德水準低落的新北市長候選人，新北市民真的能放心讓她當市長嗎？ 宇甄必須點出蘇巧慧過去造謠的三大惡行： 第一案：「張淑娟女士晶華緋聞案」 蘇巧慧日前謊稱自己「從頭到尾都沒評論別人私事」，但畫面會說話。2022年她明明在政論節目上跟著周玉蔻起舞，大言不慚地要求受害者「確實就是直球對決，面對它、處理它，跟社會說清楚」。現在被張淑娟女士點名是結合網軍的共犯之後，她又趕緊…,,,https://www.facebook.com/p/%E8%A8%B1%E5%AE%87%E7%94%84-%E7%AB%8B%E6%B3%95%E5%A7%94%E5%93%A1-61568111112968/
101,許宇甄,中國國民黨,全國不分區,許宇甄,facebook,,綠營雲林賄選鐵證如山 劉建國道歉、賴清德辭去競選總部主委！,,,https://www.facebook.com/p/%E8%A8%B1%E5%AE%87%E7%94%84-%E7%AB%8B%E6%B3%95%E5%A7%94%E5%93%A1-61568111112968/
102,謝龍介,中國國民黨,全國不分區,謝龍介,facebook,2026-10-08,年底選戰，不只是謝龍介一個人的戰鬥，而是所有相信台南應該改變的市民，一起要打的硬仗。 打選戰，靠的是信念；但要把信念送進每一條街、每一個市場、每一戶人家，就需要糧草，需要資源，需要大家一起撐起來。 這邊要再向鄉親宣傳，龍介先前在台南提出的「0到15歲，每月領5000」政策，得到賴清德總統肯定，不僅要推到全國，還要再加碼到18歲！ 不過，這政策有但書，6到18歲，每月只能領到2500元，另外一半要幫小朋友存下來。龍介主張，要幫台南的孩子們再加碼2500，每月都可以領滿5000元。 每一筆捐款，不只是數字，而是您對龍介的信任，也是您對台南未來的期待。所以，龍介誠懇拜託大家：有錢出錢，有力出力，一起做我的後盾，一起讓這場選戰打得更遠，更深，更有力量。 謝龍介不會辜負大家，您捐出的每一分錢，我都會妥善運用；您交給我的每一份期待，我都會用命去拚！ #懇請支持小額捐款 戶名｜115年臺南市市長擬參選…,,,https://www.facebook.com/TEL062268268/
102,謝龍介,中國國民黨,全國不分區,謝龍介,facebook,,回覆網友陳情：希望南科群創五廠增設YouBike站點…已發文請交通局評估增設,,,https://www.facebook.com/TEL062268268/
102,謝龍介,中國國民黨,全國不分區,謝龍介,facebook,,20261008 中西區東菜市掃街 龍介的直播,,,https://www.facebook.com/TEL062268268/
103,蘇清泉,中國國民黨,全國不分區,蘇清泉,facebook,2026-10-06,#潮州尚青黃昏市場 #上班族的最愛,,,https://www.facebook.com/ptdrsu/
103,蘇清泉,中國國民黨,全國不分區,蘇清泉,facebook,,#九如廟口開講 #九如三山國王廟 #感謝王鴻薇王淺秋贊聲,,,https://www.facebook.com/ptdrsu/
104,張嘉郡,中國國民黨,全國不分區,張嘉郡,facebook,2026-10-08,#雲林需要小巨蛋 #支持嘉郡一起孵蛋 在眾人的見證下，嘉郡今天正式公布2026參選縣長的重點政見-「興建 #雲林小巨蛋（Yunlin Sports Mall）」！ 嘉郡向雲林鄉親們承諾，未來上任縣長後，將全力打造一個兼具體育賽事、演唱會、展覽及電競活動等多功能的國際級場館！ #雲林小巨蛋 將結合大型百貨商場，嘉郡也會帶頭招商引資，創造更多就業機會，帶動新興生活圈經濟發展，加速推動雲林城市轉型，提升在地青年生活水平。 10多年前，雲林縣需要高鐵站，嘉郡不負縣民期待，成功爭取「#高鐵雲林站」設站。 現在，雲林縣需要小巨蛋，懇請大家繼續支持嘉郡，讓我們繼續攜手實現夢想，#雲林人一起孵蛋！！,,,https://www.facebook.com/Sweet.Yunlin/
104,張嘉郡,中國國民黨,全國不分區,張嘉郡,facebook,,#教育決定雲林的未來✨️ #給孩子一把走向世界的鑰匙🔑 教育，是一個地方最根本的力量。 要讓雲林真正改變，就要從教育開始。 嘉郡要感謝母校 #正心中學 前校長 #丁振源 長期的鼓勵與支持。一路走來，正是這樣的力量，讓我更加堅定「教育，是一切改變的起點」。 正如 Benjamin Franklin 所說： “An investment in knowledge pays the best interest.” 教育，是最值得投入的事情，現在多做一分，未來就多一分選擇與可能。 雲林的孩子從來不缺努力，教育的基礎也已經逐步打下。下一步，我們要做的，是把視野再往外延伸，讓孩子在在地成長，也能連結世界。 因此，我主張從國小一年級開始，讓英語不再只是考試科目，而是實際使用的能力，讓孩子敢說、能溝通。 同時，結合AI與智慧學習工具，讓學習不再侷限在教室，而是走向主動探索，讓孩子在雲林，也能看見更大的…,,,https://www.facebook.com/Sweet.Yunlin/
104,張嘉郡,中國國民黨,全國不分區,張嘉郡,facebook,,#艾杰旭勞資爭議終於達成共識 #嘉郡與麗善縣長攜手關心勞工權益,,,https://www.facebook.com/Sweet.Yunlin/
104,張嘉郡,中國國民黨,全國不分區,張嘉郡,facebook,,#臺大長照教學大樓新進展 #全力爭取8億4018萬經費終於核定,,,https://www.facebook.com/Sweet.Yunlin/
105,王育敏,中國國民黨,全國不分區,王育敏,facebook,2026-10-05,#重大食安事件請廣傳 #行政院為農藥公司放寬蘋果農藥6倍 #美國賣蘋果 #日本賣農藥 #台灣人吃毒蘋果 行政院要將蘋果農藥殘留容許量從0.5ppm放寬到3ppm，足足提高六倍。申請來源不是石崇良部長日前跟媒體謊稱的農民，也不是農業團體，而是由 #日本住友化學公司委託顧問公司所提出的農藥放寬申請。 #個別公司獲利，#竟然是全台灣人的健康買單。而且，#住友化學是販售農藥的化學公司，但署長姜至剛一開始還想輕描淡寫地說是顧問公司提出申請，直到被我當場追問，才終於承認真正的申請來源。 政府究竟是站在人民健康這一邊，還是站在農藥公司這一邊？ 蘋果是許多家庭每天都會食用的水果，也是國人嬰兒、長輩最常接觸的食品之一。任何農藥殘留標準的調整，都應該建立在公開透明、科學證據充分、以保護國人健康為最高原則，而不是讓人民最後才知道，原來政策背後最大的受益者竟然是農藥公司。 這麼荒謬離譜、犧牲國人健康的事情，竟然…,,,https://www.facebook.com/WYMALICIA/
105,王育敏,中國國民黨,全國不分區,王育敏,facebook,,#癌油流竄全台 #中央各部會重大失職 一級致癌物苯駢芘超標4倍的癌油，已經流入全台市場，影響範圍遍及食品供應鏈。更嚴重的是 #癌油已流入校園影響學童健康。然而，事件爆發至今，國人看到的卻不是中央政府積極應變，而是 #各部會反應遲緩、#首長勤跑輔選行程心不在焉，讓食安危機持續擴大。 中央政府至少有四大失職： ❶ 總統對於癌油事件周末整整兩天零作為，行政院亦失去統籌功能，食安辦未有效整合衛福部、教育部、經濟部、法務部等部會，缺乏跨部會應變與指揮機制。 ❷ 衛福部、食藥署資訊揭露不足。 第一時間選擇蓋牌，至今未建立完整專區，未即時公布問題產品、品牌及流向，讓消費者無從辨識，知情權嚴重受損。 ❸ 教育部反應慢半拍。 校園預防性下架措施後知後覺，學生食安風險未能第一時間有效控管。 ❹ 食藥署長 #姜至剛常常自詡為 #台大毒物學博士/ #台大毒理所所長 擁有權威話語權，本應該運用科學專業嚴格把關國人…,,,https://www.facebook.com/WYMALICIA/
105,王育敏,中國國民黨,全國不分區,王育敏,facebook,,今天 江啟臣競選總部成立大會圓滿成功，現場人潮滿滿、加油聲不斷！看到這麼多鄉親熱情相挺，深深感受到大家對臺中未來的期待。,,,https://www.facebook.com/WYMALICIA/
106,陳昭姿,台灣民眾黨,全國不分區,陳昭姿,facebook,2026-10-08,今天，終於進入《人工生殖法》的逐條審查。然而，民進黨立委在未充分研讀法條、也未做好功課的情況下，仍持續進行人身攻擊，並提出一些乍聽之下相當驚悚、但實際上法條早已有明確規範與處理機制的問題。 󠀠 民進黨立委就像是不自己念書、只會伸手要答案的學生。即便感到無奈，我仍然一一耐心回應，並將相關說明整理成下方圖卡，供大家參考。 󠀠 我也要誠懇呼籲民進黨立委：反對代孕，我完全尊重；但在發言之前，請先把法條看清楚、把功課做好，避免流於情緒性攻防，浪費寶貴的審查時間。,,,https://www.facebook.com/61556175590443/
106,陳昭姿,台灣民眾黨,全國不分區,陳昭姿,facebook,,將近二十年未曾大幅修正、早已嚴重落後時代的《人工生殖法》，終於即將在明天進入逐條審查。對此，我的心情一則以喜，一則以憂。 喜的是，原本國民黨團提出的版本僅限於代理孕母制度，但在陳菁徽委員積極向國民黨衛環委員溝通後，加上本黨團與國民黨團多次協調，我們已經取得重要共識：不再只為「少數人」立法，而是努力成全每一個真心想要擁有「家」的人，讓更多人能以自己選擇、也被尊重的方式成為父母。 這並不容易，但我們做到了，也願意為彼此讓步。 然而，令人憂慮的是，直到今天早上，仍有多位民進黨反對代孕的女性立委，不斷拋出早已在國內外實務與法制中有明確答案的假設性問題，散布錯誤資訊，甚至傳出將杯葛明天法案審查的消息。這樣的作法，等同於讓所有迫切需要人工生殖協助的族群，繼續被迫陷在沒有期限、沒有希望的等待之中。 即便如此，我仍選擇再次耐心說明與回應。相關問題與回應，我已完整整理於圖卡中，這裡不再重複。 但我必須誠懇…,,,https://www.facebook.com/61556175590443/
106,陳昭姿,台灣民眾黨,全國不分區,陳昭姿,facebook,,這個會期，經推舉由我跟張雅琳委員擔任司法法制委員會的召委。,,,https://www.facebook.com/61556175590443/
106,陳昭姿,台灣民眾黨,全國不分區,陳昭姿,facebook,,【徐佳青哭什麼哭！ 鱷魚的眼淚掩蓋不了公器私用！】 ​今天徐佳青宣布請辭，但在記者會上，只看到她流下「#鱷魚的眼淚」，根本毫無反省！,,,https://www.facebook.com/61556175590443/
107,蔡春綢,台灣民眾黨,全國不分區（原任黃國昌）,蔡春綢,facebook,2026-10-08,今天是立法院教育及文化委員會新會期的第一次開會，順利選出葉元之委員與陳培瑜委員擔任本會期的召委，春綢在此表達祝賀，也期待未來在體育、教育與文化議題上能有更多專業、良性的跨黨派合作。,,,https://www.facebook.com/TsaiChunChou/
107,蔡春綢,台灣民眾黨,全國不分區（原任黃國昌）,蔡春綢,facebook,,校事會議制度再修仍未對症，教育部必須拿出魄力改革,,,https://www.facebook.com/TsaiChunChou/
108,洪毓祥,台灣民眾黨,全國不分區（原任黃珊珊）,洪毓祥,facebook,2026-10-08,"本週二(10/6)，我代表 台灣民眾黨立法院黨團 和立法院長 韓國瑜 接見 美國聯邦參議院情報委員會班奈特議員（Michael Bennet, D-CO）訪問團一行，美國在台協會台北辦事處（AIT/T）代理副處長羅峻平（Michael Pignatello）也有陪同訪問團成員一同與會。",,,https://www.facebook.com/p/%E6%B4%AA%E6%AF%93%E7%A5%A5-61574801496666/
108,洪毓祥,台灣民眾黨,全國不分區（原任黃珊珊）,洪毓祥,facebook,,僑務委員會 #徐佳青 委員長請辭 不直球對決、欺騙人民，,,,https://www.facebook.com/p/%E6%B4%AA%E6%AF%93%E7%A5%A5-61574801496666/
109,王安祥,台灣民眾黨,全國不分區（原任麥玉珍）,王安祥,facebook,2026-10-06,今天院會總質詢，我從台美經貿談判、產業發展一路談到勞工權益、漁業人權、國防建設與地方發展。,,,https://www.facebook.com/61553639986147/
109,王安祥,台灣民眾黨,全國不分區（原任麥玉珍）,王安祥,facebook,,中秋節的重點就是要一家團圓（雖然現在可能變成就是要烤肉了）。,,,https://www.facebook.com/61553639986147/
110,邱慧洳,台灣民眾黨,全國不分區（原任林國成）,邱慧洳,facebook,2026-10-08,【新會期衛環召委出爐 民生法案推動不能停！】,,,https://www.facebook.com/61587319024264/
110,邱慧洳,台灣民眾黨,全國不分區（原任林國成）,邱慧洳,facebook,,【食安不能靠運氣 驗出超標就該提高把關！】,,,https://www.facebook.com/61587319024264/
111,陳清龍,台灣民眾黨,全國不分區（原任林憶君）,陳清龍,facebook,2026-10-07,我的太太名字叫「小華」，青鳥就說是「陸配」！這就是選舉！,,,https://www.facebook.com/jackylone
112,許忠信,台灣民眾黨,全國不分區（原任張啓楷）,許忠信,facebook,2026-10-07,許忠信教授律師服務處 週一— 週五（日）：0830 —1200； 1330—1730 週一— 週五（晚）：為服務上班族，可特約服務 週六—— 週日：為服務上班族，可特約服務 請先來電約詢： 06-2019743 地址：永康區永大路三段542號,,,https://www.facebook.com/hsuchunghsin/
112,許忠信,台灣民眾黨,全國不分區（原任張啓楷）,許忠信,facebook,,10月7日台南返鄉會勘新市區交通 「許忠信委員會勘新市區光華街與144縣道交叉口車禍頻傳之道，並獲交通科長承諾諾1月內完成改善錯施」,,,https://www.facebook.com/hsuchunghsin/
113,劉書彬,台灣民眾黨,全國不分區（原任吳春城）,劉書彬,facebook,2026-10-07,【首長請辭不該是句點｜查明公器私用爭議，落實公私分際法制化】,,,https://www.facebook.com/p/%E5%8A%89%E6%9B%B8%E5%BD%AC-61570373315266/
113,劉書彬,台灣民眾黨,全國不分區（原任吳春城）,劉書彬,facebook,,【突破修憲僵局｜從民主核心價值的永恆性看台灣制憲】,,,https://www.facebook.com/p/%E5%8A%89%E6%9B%B8%E5%BD%AC-61570373315266/
