編號,姓名,政黨,選區/類別,臉書專頁名稱,最新貼文日期,最新貼文主題摘要,貼文或粉專連結,Threads連結,Threads最新貼文日期,Threads最新貼文主題摘要,最新貼文讚數,最新貼文留言數
1,吳思瑤,民主進步黨,臺北市第一選區,吳思瑤,2026-10-07,這兩天隨著開學入住宿舍，出現許多對新宿舍運動的分享熱議。 其實去年開學季，社群上就曾湧現一波討論。 這是相當值得開心的…,https://www.facebook.com/taipeineedyou,https://www.threads.com/@wusuyao541,,,,
2,王世堅,民主進步黨,臺北市第二選區,王世堅,2026-10-06,最近看到對岸解放軍在軍艦甲板上排出「從從容容、游刃有餘」八個大字，坦白說，好的話大家都能用，激勵士氣、展示決心，本來就…,https://www.facebook.com/shihchien888/,,,,,
3,王鴻薇,中國國民黨,臺北市第三選區,王鴻薇,2026-10-07,#王鴻薇的法律諮詢服務 我們的法律諮詢10月份總場次為74場！ 平常除了我們的服務處天天有服務，在各里辦公室、宮廟也都…,https://www.facebook.com/hungwei.org/,,,,,
4,李彥秀,中國國民黨,臺北市第四選區,李彥秀,2026-10-07,台北市115年度公費流感疫苗開始施打！,https://www.facebook.com/ashow.tpe/,,,,,
5,吳沛憶,民主進步黨,臺北市第五選區,吳沛憶,2026-10-07,今日的民主，是一代接一代人努力的成果。 ​,https://www.facebook.com/Pay1Pay1/,,,,,
6,羅智強,中國國民黨,臺北市第六選區,羅智強,2026-10-07,孩子第一、健康第一 ​ 今天延平中學通報，有1個班級約21名學生出現腹瀉、嘔吐等症狀。 ​ 台北市府獲報後即入校採樣、…,https://www.facebook.com/debatelo/,,,,,
7,徐巧芯,中國國民黨,臺北市第七選區,徐巧芯,2026-10-07,當有人說：,https://www.facebook.com/HsuChiaoHsin/,,,,,
8,賴士葆,中國國民黨,臺北市第八選區,賴士葆,2026-10-07,沈伯洋2014發文，說要建立社區中心提供吸毒者毒品和針頭，也表示大麻應該合法化，被質疑在推毒品合法化，同時間索羅斯20…,https://www.facebook.com/abao.tw/,,,,,
9,洪孟楷,中國國民黨,新北市第一選區,洪孟楷,2026-10-07,為何每次政府都對犯罪者那麼包容？到底跟被害者有什麼仇？,https://www.facebook.com/MongKaiHUNG/,,,,,
10,林淑芬,民主進步黨,新北市第二選區,林淑芬,2026-09-30,【淑芬報告｜通過現行法規，撞擊測試卻是零顆星！MG ZS暴露車安標準落差！】,https://www.facebook.com/linshufen.fans/,,,,,
11,李坤城,民主進步黨,新北市第三選區,李坤城,2026-10-07,謝謝公督盟的評鑑，坤城再次獲得財政委員會優秀委員的肯定 這個會期要繼續努力，希望追加預算及總預算都能順利過關，照顧弱勢…,https://www.facebook.com/NewTaipeiCityCouncilor/,,,,,
12,吳秉叡,民主進步黨,新北市第四選區,吳秉叡,2026-10-03,📢 大新莊服務處搬家了！ 感謝鄉親多年來對 #大新莊服務處 的支持與信任。我們很高興地宣布，服務處已從中原路搬遷至中…,https://www.facebook.com/Wubray/,,,,,
13,蘇巧慧,民主進步黨,新北市第五選區,蘇巧慧,2026-10-07,📢巧慧的線上捐款平台正式上線！ 上周公布政治獻金專戶之後，大家敲碗的線上捐款平台也在今天正式上線囉！ 新北市的未來藍…,https://www.facebook.com/chiaohui.su/,,,,,
14,張宏陸,民主進步黨,新北市第六選區,張宏陸,2026-10-07,今天 蘇巧慧 新北競選總部成立大會圓滿成功！ 總統 賴清德、前總統 蔡英文 Tsai Ing-wen、高雄市長 陳其邁…,https://www.facebook.com/hunglueball/,,,,,
15,葉元之,中國國民黨,新北市第七選區,葉元之,2026-10-07,主持人： 王淺秋 來賓：立法委員 葉元之．板橋｜資深媒體人 謝寒冰粉絲團｜民眾黨中市議員參選人 Mimi 劉芩妤,https://www.facebook.com/yeh.seafood/,,,,,
16,張智倫,中國國民黨,新北市第八選區,張智倫,2026-10-07,認真做、用心拚💪 第5會期問政成績單！ 立法院第5會期結束，智倫要向各位鄉親分享工作成果🫡 上任以來，智倫服務選民…,https://www.facebook.com/allenihelp/,,,,,
17,林德福,中國國民黨,新北市第九選區,林德福,2026-10-04,【7/26反惡罷、一起出門投票!】 反惡罷，重要事項提醒! #投開票所一覽 1. 沒有收到投票通知單，也可以出門投『不…,https://www.facebook.com/lintefu/,,,,,
18,吳琪銘,民主進步黨,新北市第十選區,吳琪銘,2026-10-07,8年有實績✨ 琪銘政績一次看 各位鄉親好～ 近幾年走在土城、三峽的路上，有沒有跟琪銘有一樣的感覺，我們居住的地方進步很…,https://www.facebook.com/wuqiming519,,,,,
19,羅明才,中國國民黨,新北市第十一選區,羅明才,2026-10-06,【一票一世情，明才真心感謝每一位鄉親、好朋友的支持】 823這一天，我們用神聖的一票，為無差別的大惡罷畫下句點。這一關…,https://www.facebook.com/mtlo.tw/,,,,,
20,廖先翔,中國國民黨,新北市第十二選區,廖先翔,2026-10-04,青鳥的恐慌，讓沈伯洋沒有認錯的空間了,https://www.facebook.com/LIAOHSIENHSIANG/,,,,,
21,林沛祥,中國國民黨,基隆市選區,林沛祥,2026-10-06,成功爭取漁業天然災害救助制度修正 單一漁港納入災害認定計算，讓救助更貼近漁民需求,https://www.facebook.com/keelungup/,,,,,
22,陳俊宇,民主進步黨,宜蘭縣選區,陳俊宇,2026-10-07,拜託大家幫忙追蹤我的新IG和Threads帳號，不管是想關心宜蘭大小事，還是想看我國會日常的「漏網鏡頭」，都先追蹤起來…,https://www.facebook.com/chunyuyilan/,,,,,
23,牛煦庭,中國國民黨,桃園市第一選區,牛煦庭,2026-10-06,台灣目前和徐佳青委員長孩子年紀相同的人大概有20萬，這背後是接近20萬個家庭。在台灣，要撐起房貸、育兒、孝親的責任，夫…,https://www.facebook.com/18NIUstart/,,,,,
24,涂權吉,中國國民黨,桃園市第二選區,涂權吉,2026-10-07,【用心服務、全力出擊！涂權吉就職2周年成果報告 🌟】 轉眼間兩年過去了，權吉始終秉持初心，一步一腳印走遍大園、觀音、…,https://www.facebook.com/agi0511/,,,,,
25,魯明哲,中國國民黨,桃園市第三選區,魯明哲,2026-10-06,明天 10 / 7 ( 三 ) 晚上18：00 在環北服務處有提供專業的法律諮詢服務，有需要的朋友可以多加利用！ 每週…,https://www.facebook.com/taoyuan.jackru/,,,,,
26,萬美玲,中國國民黨,桃園市第四選區,萬美玲,2026-10-04,周末假日行程滿檔，不論是運動會、住戶大會、土地公會，或者各項社團活動，都要跑好跑滿，平常在立法院忙，假日的時候就要把握…,https://www.facebook.com/wanmeiling.tw/,,,,,
27,呂玉玲,中國國民黨,桃園市第五選區,呂玉玲,2026-10-03,#平鎮車站啟用 #鄉親期盼化成實在建設 今天對許多人來說，這是一座新的車站。 對我來說，卻是一個走了20年的堅持，終於…,https://www.facebook.com/yuling616/,,,,,
28,邱若華,中國國民黨,桃園市第六選區,邱若華,2026-10-07,🛣️【三鶯線延伸經費過關，八德迎接雙捷生活圈】🙌 桃園交通建設傳來好消息。捷運三鶯線延伸八德計畫，基本設計工程經費…,https://www.facebook.com/Tai.Chill2022/,,,,,
29,徐欣瑩,中國國民黨,新竹縣第一選區,徐欣瑩,2026-10-07,【欣瑩跟各位好朋友報告，我的捐款平台上線了！】 選戰走到關鍵時刻，欣瑩身後沒有家族事業，也沒有財團奧援。一路走來，靠的…,https://www.facebook.com/shesinging.tw/,,,,,
30,林思銘,中國國民黨,新竹縣第二選區,林思銘,2026-10-04,📣【三個會期連獲肯定｜專業問政 × 勤奮為民 思銘問政用心，贏得肯定！】 每一份榮譽，不只是個人的成就，更是對新竹鄉…,https://www.facebook.com/linsm.hc/,,,,,
31,鄭正鈐,中國國民黨,新竹市選區,鄭正鈐,2026-10-01,正鈐免費法律諮詢服務開始囉！⚖️ 有需要的市民好朋友們，歡迎預約諮詢～ 📅 服務時間：每週一、三、四 16:30－1…,https://www.facebook.com/CCCHsinchu/,,,,,
32,陳超明,無黨籍/國民黨,苗栗縣第一選區,陳超明,2026-10-06,「如果有自來水 孫子就願意留下來過夜」，這是今天爭取無自來水工程，最讓超明感動的一句話，因為，當初，也是同樣這句話，讓…,https://www.facebook.com/amingo1217/,,,,,
33,邱鎮軍,中國國民黨,苗栗縣第二選區,邱鎮軍,2026-10-07,從議員到市長，聽聽功凡怎麼說？,https://www.facebook.com/chengchun1207/,,,,,
34,蔡其昌,民主進步黨,臺中市第一選區,蔡其昌,2026-10-07,感覺今天晚上大家都要鎖定收看沈伯洋與趙少康的直球對決。 大家終於可以當一次主審了,https://www.facebook.com/tsaimimi0416/,,,,,
35,顏寬恒,中國國民黨,臺中市第二選區,顏寬恒,2026-10-05,#西屯區特五號道路 #中科西南向延伸道路,https://www.facebook.com/kuanheng99/,,,,,
36,楊瓊瓔,中國國民黨,臺中市第三選區,楊瓊瓔,2026-10-07,【休閒綠帶＋暢行國道！為鄉親爭取近169.1億建設，臺中生活大升級 】,https://www.facebook.com/YangChiungYing/,,,,,
37,廖偉翔,中國國民黨,臺中市第四選區,廖偉翔,2026-10-07,〈政績公開透明，努力不容抹煞〉 最近在說明會現場發放的政績小冊，很多鄉親看完後說：「原來你們真的做這麼多，罷免的人都沒…,https://www.facebook.com/seanliao76/,,,,,
38,黃健豪,中國國民黨,臺中市第五選區,黃健豪,2026-10-06,▍民意帶進國會．建設帶回台中｜健豪就職兩週年成果報告 #健筆督國政 #豪氣拚建設 2026年2月1日，是健豪擔任立法委…,https://www.facebook.com/TCBetter/,,,,,
39,羅廷瑋,中國國民黨,臺中市第六選區,羅廷瑋,2026-10-07,#立法院會期成績單 #第五會期 「委員，你們在台北開會，到底修了哪些真正對我們有用的法案？」、「委員，我們台中的建設有…,https://www.facebook.com/taichunglolo/,,,,,
40,何欣純,民主進步黨,臺中市第七選區,何欣純,2026-10-07,何欣純政治獻金專戶線上捐款正式啟動 您的支持都是讓台中前進的動力 一座進步城市，不只是建設要發展，每個世代也都要被好好…,https://www.facebook.com/94achun/,,,,,
41,江啟臣,中國國民黨,臺中市第八選區,江啟臣,2026-10-07,跟市民朋友報告：啟臣準備好了！💪 今天 #九三軍人節，我和海龍退役弟兄冒雨跑步4公里，正式登記參選臺中市長。也向保家…,https://www.facebook.com/johnnyccchiang/,,,,,
42,陳秀寳,民主進步黨,彰化縣第一選區,陳秀寶,2026-09-28,教育的每一步，都需要老師與學生共同努力。 秀寳長期關注校園及師生權益，陸續提出《學校飲食法》、《大學法》、《學貸三法》…,https://www.facebook.com/showpowerchen/,,,,,
43,黃秀芳,民主進步黨,彰化縣第二選區,黃秀芳,2026-10-07,卦山力的熱鬧，秀芳先來感受啦！ 今天,https://www.facebook.com/smilefangfang/,,,,,
44,謝衣鳯,中國國民黨,彰化縣第三選區,謝衣鳯,2026-09-28,面對越來越嚴重的師資不足問題，許多老師承擔了更多的教學與照顧責任，也比過去更加辛苦。,https://www.facebook.com/HsiehYifong/,,,,,
45,陳素月,民主進步黨,彰化縣第四選區,陳素月,2026-10-07,🌟幸福有感，照顧長輩也減輕子女負擔 #素月提出彰化65歲以上長者健保費全免 台灣已正式邁入超高齡社會，每5人中就有一…,https://www.facebook.com/chengSayYes/,,,,,
46,馬文君,中國國民黨,南投縣第一選區,馬文君,2026-10-07,救難艦每艘從36億變105億，多出的69億，到底買到什麼？,https://www.facebook.com/mawenchun/,,,,,
47,游顥,中國國民黨,南投縣第二選區,游顥,2026-10-06,茶菁價格腰斬衝擊茶農 游顥為南投茶農向行政院請命,https://www.facebook.com/nantou.yuhao/,,,,,
48,丁學忠,中國國民黨,雲林縣第一選區,丁學忠,2026-10-05,全力爭取水利建設！ 口湖「蔦松大排新建抽水站」今天正式動工,https://www.facebook.com/ding.ding0628/,,,,,
49,劉建國,民主進步黨,雲林縣第二選區,劉建國,2026-10-08,我是劉建國。 這一次，我想親自向雲林每一位鄉親說聲謝謝，也請大家繼續給我力量。 多年來，建國一直深耕在地，惦念的就是如…,https://www.facebook.com/liucnko.fans/,,,,,
50,蔡易餘,民主進步黨,嘉義縣第一選區,蔡易餘,2026-10-08,我是蔡易餘，今天我正式登記參選嘉義縣長，也正式從翁章梁 Weng Chang-Liang縣長手中接下這支接力棒！ 這幾…,https://www.facebook.com/chiayionefish/,,,,,
51,陳冠廷,民主進步黨,嘉義縣第二選區,陳冠廷,2026-10-07,恭喜高市早苗首相帶領自民黨在本次眾議院大選中取得壓倒性勝利，獲得日本國民的高度信任與授權。 冠廷過去多次赴日進行國會交…,https://www.facebook.com/Kuantingvision/,,,,,
52,王美惠,民主進步黨,嘉義市選區,王美惠,2026-10-08,熬早 早安 今天立法院委員會要選召集委員。阿惠上班了，開始工作。,https://www.facebook.com/ahueimoto/,,,,,
53,賴惠員,民主進步黨,臺南市第一選區,賴惠員,2026-10-07,為溪北繼續拚！連續第三度榮獲公督盟評鑑優秀立委！,https://www.facebook.com/liahuiyuan/,,,,,
54,郭國文,民主進步黨,臺南市第二選區,郭國文,2026-10-07,最近跑攤都一直被鄉親罵。 說我不要再只會做事，不會宣傳了！ ​ 大家的建議，我都聽到了，所以決定推出 #鄉親說我沒宣傳…,https://www.facebook.com/gogowin2010/,,,,,
55,陳亭妃,民主進步黨,臺南市第三選區,陳亭妃,2026-10-07,妃行員們，準備登機！,https://www.facebook.com/fififans/,,,,,
56,林宜瑾,民主進步黨,臺南市第四選區,林宜瑾,2026-10-03,今天立法院三讀通過了《#平埔原住民族群身分法》，在法案公告施行後，還沒正名的原住民各族，就可以依法檢附資料向原民會進行…,https://www.facebook.com/ichin0825/,,,,,
57,林俊憲,民主進步黨,臺南市第五選區,林俊憲,2026-10-07,感謝公督盟肯定，榮獲榮獲第十一屆第五會期「評鑑優秀立委」！,https://www.facebook.com/seeklin/,,,,,
58,王定宇,民主進步黨,臺南市第六選區,王定宇,2026-10-08,中國港籍人士鞠覺賢、林慶於2024年9月間花費十萬元港幣，委託台灣「微信」、「全聯」徵信業者跟監立委沈伯洋，並在沈的住…,https://www.facebook.com/wdy19690305/,,,,,
59,邱議瑩,民主進步黨,高雄市第一選區,邱議瑩,2026-10-05,【我是高雄人，我挺旗山蕉！】,https://www.facebook.com/denjen2020/,,,,,
60,邱志偉,民主進步黨,高雄市第二選區,邱志偉,2026-10-07,2026.10.07 【第15度獲得公督盟優秀立委】,https://www.facebook.com/qiu.zhi.wei.567814/,,,,,
61,李柏毅,民主進步黨,高雄市第三選區,李柏毅,2026-10-07,第11屆第5會期國會成績單（2/2）🔎 率先完成內政預算審查，顧民生、挺國防、拚交通！ 上個會期，我擔任內政委員會召…,https://www.facebook.com/poyi2014/,,,,,
62,林岱樺,民主進步黨,高雄市第四選區,林岱樺,2026-10-06,金潭國小跑道補16年？岱樺要求全面翻新！,https://www.facebook.com/LinDaiHua/,,,,,
63,李昆澤,民主進步黨,高雄市第五選區,李昆澤,2026-10-07,感謝高雄栽培，感謝公督盟優秀立委肯定！ 今天公督盟公布評鑑結果，獲得第27次獲得優秀立委肯定！ 未來，我會繼續守護台灣…,https://www.facebook.com/power2tw/,,,,,
64,黃捷,民主進步黨,高雄市第六選區,黃捷,2026-10-07,很榮幸獲頒One Young World「年度政治人物獎」，到國際舞台為台灣爭光！,https://www.facebook.com/KaohsiungHuangjie/,,,,,
65,許智傑,民主進步黨,高雄市第七選區,許智傑,2026-10-07,北高連線，作伙打拚隆總贏💪🏻 一起划SUP，我們都是市民們的Support💪 賴瑞隆、台北 沈伯洋,https://www.facebook.com/leer0105/,,,,,
66,賴瑞隆,民主進步黨,高雄市第八選區,賴瑞隆,2026-10-07,這可能是我拍過最累，也最特別的一支影片。 近十個小時的拍攝，換了十幾次衣服、一次次重新化妝，在導演的嚴格要求下，一口氣…,https://www.facebook.com/zenolai2/,,,,,
67,鍾佳濱,民主進步黨,屏東縣第一選區,鍾佳濱,2026-10-07,感謝公督盟肯定，佳濱再度蟬聯優秀立委！💪 今日公督盟公布第11屆第五會期委員評鑑結果，佳濱再度獲得優秀立委殊榮，本屆…,https://www.facebook.com/cafe1965/,,,,,
68,徐富癸,民主進步黨,屏東縣第二選區,徐富癸,2026-10-07,屏南小徐熱騰騰的第四會期成績單在這裡！ 在國會開會、質詢，也在地方跑會勘、跑協調。從台北到東港、到潮州，到恆春半島，每…,https://www.facebook.com/p/%E5%BE%90%E5%AF%8C%E7%99%B8-%E7%AB%8B%E6%B3%95%E5%A7%94%E5%93%A1-61550108731805/,,,,,
69,傅崐萁,中國國民黨,花蓮縣選區,傅崐萁,2026-10-02,【貨物稅該改革了！不要讓台灣落後日本韓國】 【傅崐萁籲行政院：還稅於民、共享經濟果實】,https://www.facebook.com/Fu.KunChi/,,,,,
70,黃建賓,中國國民黨,臺東縣選區,黃建賓,2026-10-05,台東縣明年起國中小營養午餐免費，實現對鄉親的承諾！ 教師節即將到來， 饒慶鈴縣長今天宣布攸關台東縣親師生的重大福利政策…,https://www.facebook.com/HCPTaitung/,,,,,
71,楊曜,民主進步黨,澎湖縣選區,楊曜,2026-10-03,追風音樂節在周湯豪的歌聲中落幕,https://www.facebook.com/penghu.yao/,,,,,
72,陳玉珍,中國國民黨,金門縣選區,陳玉珍,2026-10-08,今天玉珍來到金城鎮陳氏大宗祠與鄉親面對面交流，聊聊地方大小事。,https://www.facebook.com/KinmenMyLove/,,,,,
73,陳雪生,中國國民黨,連江縣選區,陳雪生,2026-09-24,月滿中秋，情繫馬祖。 一路走來，有順境，也難免遇上考驗； 但不變的，是雪生對馬祖這片土地的感情， 以及對鄉親的惦念。,https://www.facebook.com/p/%E9%99%B3%E9%9B%AA%E7%94%9F-100002730369711/,,,,,
74,鄭天財,中國國民黨,平地原住民,鄭天財,2026-10-08,2026.10.8. 早安 ! 平安 ! 早晨要撒你的種，,https://www.facebook.com/srakacaw/,,,,,
75,黃仁,中國國民黨,平地原住民,黃仁,2026-10-02,智慧、經驗、執行力，城市升級必備的三種元素齊聚臺中，全臺灣最團結的戰隊已經成形，現在就差現場你的加入！我們一個都不能少…,https://www.facebook.com/kincyang1/,,,,,
76,陳瑩,民主進步黨,平地原住民,陳瑩,2026-10-07,遇到了剛滿100歲的奶奶,https://www.facebook.com/11YIG/,,,,,
77,盧縣一,中國國民黨,山地原住民,盧縣一,2026-10-08,#伍杜米將，謝謝你願意花時間。（因無法在你的回應留言，只好轉發到此）,https://www.facebook.com/sasuyu.ruljuwan/,,,,,
78,伍麗華,民主進步黨,山地原住民,伍麗華,2026-10-07,今天公督盟評鑑成績出爐，中午的時候，助理傳訊息告訴我：「恭喜委員/委員第五會期的成績114.02分/非常高/是全院第二…,https://www.facebook.com/SaidaiWinForUS/,,,,,
79,高金素梅,無黨籍,山地原住民,高金素梅,2026-10-08,讓原民孩子，也能走向世界 ～2026.10.07 高金素梅,https://www.facebook.com/giwas888/,,,,,
80,林月琴,民主進步黨,全國不分區,林月琴,2026-10-07,\林月琴政治獻金專戶正式上線！/ 從宣布參選 #苗栗市長 以來，收到許多鄉親的鼓勵與支持，每一句加油、每一次握手、每一…,https://www.facebook.com/yuehchin2023/,,,,,
81,沈伯洋,民主進步黨,全國不分區,沈伯洋,2026-10-07,沈伯洋「HEART」五大政見正式發布，從城市的空間、機會、陪伴、韌性與時間，全面打造台北的市政生態系！,https://www.facebook.com/puma.taipei/,,,,,
82,張雅琳,民主進步黨,全國不分區,張雅琳,2026-10-07,今天收到了兩份珍貴的肯定。 我在第四會期再次獲得： 🥇口袋國會｜全院表現特優委員 🥇公督盟｜優秀立委（第三度獲獎）…,https://www.facebook.com/NgalimTiunn/,,,,,
83,羅美玲,民主進步黨,全國不分區,羅美玲,2026-10-07,今晚出席南投國姓鄉的座談會，台下有位專心聽講的聽眾，這位黑狗兄聽得津津有味，超可愛的啦！逗得台上的大家非常開心,https://www.facebook.com/lowmeiling0501/,,,,,
84,范雲,民主進步黨,全國不分區,范雲,2026-10-07,告密者、我和我的監控檔案（上） 促轉會的校園監控研究專案，邀請我去看自己被監控的檔案。這是我的筆記。 😱超過千件檔案…,https://www.facebook.com/daan4fanyun/,,,,,
85,柯建銘,民主進步黨,全國不分區,柯建銘,2026-10-07,2026/10/7民進黨團輿情回應記者會,https://www.facebook.com/kerchenming/,,,,,
86,沈發惠,民主進步黨,全國不分區,沈發惠,2026-09-25,中秋佳節，最珍貴的就是與家人相聚的時光。祝福每一位鄉親，不論身在何處，都能平安順心、幸福團圓。,https://www.facebook.com/shenfahui/,,,,,
87,莊瑞雄,民主進步黨,全國不分區,莊瑞雄,2026-10-07,TPBL第三季，來真的！,https://www.facebook.com/dpp.ptbear/,,,,,
88,林楚茵,民主進步黨,全國不分區,林楚茵,2026-10-07,#三票民進黨 #投票護台灣 終於到了投票日前一天 還在猶豫要不要回家投票嗎？ 這次的選舉，不只是決定我們要向世界傳遞什…,https://www.facebook.com/setchuyinlin/,,,,,
89,郭昱晴,民主進步黨,全國不分區,郭昱晴,2026-10-07,昨晚睡前，慣性划一下THREADS， 看看這股洋流有多洶湧， 發現阿扁總統 陳水扁新勇哥物語 除了回應我。。。 ~還偷…,https://www.facebook.com/jeankuo329/,,,,,
90,王正旭,民主進步黨,全國不分區（遞補游錫堃）,王正旭,2026-10-06,立法院第11屆第6會期新會期報到 持續協助推動健康台灣政策，保障國人健康與醫病權益 今天是立法院第11屆第六會期的報到…,https://www.facebook.com/wch1956/,,,,,
91,王義川,民主進步黨,全國不分區（遞補洪申翰）,王義川,2021-01-15,交通國家隊,https://www.facebook.com/ariver1972,,,,,
92,陳培瑜,民主進步黨,全國不分區,陳培瑜,2026-10-07,大家好，我是陳培瑜。 這十天我有了一個新的工作，我成為了新就任的民主進步黨不分區立法委員。 許多人也許對我陌生，所以讓…,https://www.facebook.com/peiyu901/,,,,,
93,韓國瑜,中國國民黨,全國不分區（立法院長）,韓國瑜,2026-10-04,【兩個國瑜，兩種身分，腳步不停！】,https://www.facebook.com/twherohan/,,,,,
94,柯志恩,中國國民黨,全國不分區,柯志恩,2026-10-07,夢想海港，世界雄心｜柯志恩官方競選網站正式上線！ 政治文宣總是讓人覺得遙遠又複雜嗎？ 這次，我們決定把事情變得簡單，讓…,https://www.facebook.com/KoChihEn/,,,,,
95,葛如鈞,中國國民黨,全國不分區,葛如鈞,2026-09-17,中國 AI 是假的。訪美這幾天，我拿到許多具體情報，也印證了我一直以來的判斷。,https://www.facebook.com/Dr.JuChunKO/,,,,,
96,翁曉玲,中國國民黨,全國不分區,翁曉玲 Hsiao-Ling Weng,2026-10-07,＃只殺2人不能判死 #上樑不正下樑歪 ＃恐龍大法官造就不判死的小法官,https://www.facebook.com/p/%E7%BF%81%E6%9B%89%E7%8E%B2-Hsiao-Ling-Weng-61555223878555/,,,,,
97,陳菁徽,中國國民黨,全國不分區,陳菁徽,2026-10-07,社區中心發毒品爭議！民進黨官員不能領了船員證，結果都跳船了！,https://www.facebook.com/Dr.ChingHuiChen/,,,,,
98,吳宗憲,中國國民黨,全國不分區,吳宗憲,2026-10-07,【吳宗憲─憲政熱映中 政策官方網站正式上線！】 🔹官網網址：https://www.yilan2026.tw/ 吳宗…,https://www.facebook.com/jameswu88/,,,,,
99,林倩綺,中國國民黨,全國不分區,林倩綺,2026-10-07,📌【公聽會發聲｜停砍止損，恢復信任】 今天倩綺出席《公立學校教職員退休資遣撫卹條例》公聽會持續為公教權益發聲，與來自…,https://www.facebook.com/cclinchienchi/,,,,,
100,陳永康,中國國民黨,全國不分區,,,,,,,,,
101,許宇甄,中國國民黨,全國不分區,許宇甄,2026-10-07,比毒品更毒的，是政治算計的惡毒！ 三大造謠案全翻車，蘇巧慧何時要向受害者道歉？ 今天上午，宇甄與桃園市議員凌濤、新北市…,https://www.facebook.com/p/%E8%A8%B1%E5%AE%87%E7%94%84-%E7%AB%8B%E6%B3%95%E5%A7%94%E5%93%A1-61568111112968/,,,,,
102,謝龍介,中國國民黨,全國不分區,謝龍介,2026-10-07,年底選戰，不只是謝龍介一個人的戰鬥，而是所有相信台南應該改變的市民，一起要打的硬仗。 打選戰，靠的是信念；但要把信念送…,https://www.facebook.com/TEL062268268/,,,,,
103,蘇清泉,中國國民黨,全國不分區,蘇清泉,2026-10-06,#潮州尚青黃昏市場 #上班族的最愛,https://www.facebook.com/ptdrsu/,,,,,
104,張嘉郡,中國國民黨,全國不分區,張嘉郡,2026-10-08,#雲林需要小巨蛋 #支持嘉郡一起孵蛋 在眾人的見證下，嘉郡今天正式公布2026參選縣長的重點政見-「興建 #雲林小巨蛋…,https://www.facebook.com/Sweet.Yunlin/,,,,,
105,王育敏,中國國民黨,全國不分區,王育敏,2026-10-05,#重大食安事件請廣傳 #行政院為農藥公司放寬蘋果農藥6倍 #美國賣蘋果 #日本賣農藥 #台灣人吃毒蘋果 行政院要將蘋果…,https://www.facebook.com/WYMALICIA/,,,,,
106,陳昭姿,台灣民眾黨,全國不分區,陳昭姿,2026-10-07,今天，終於進入《人工生殖法》的逐條審查。然而，民進黨立委在未充分研讀法條、也未做好功課的情況下，仍持續進行人身攻擊，並…,https://www.facebook.com/61556175590443/,,,,,
107,蔡春綢,台灣民眾黨,全國不分區（原任黃國昌）,蔡春綢,2026-10-07,校事會議制度再修仍未對症，教育部必須拿出魄力改革,https://www.facebook.com/TsaiChunChou/,,,,,
108,洪毓祥,台灣民眾黨,全國不分區（原任黃珊珊）,洪毓祥,2026-10-07,《阿洪之聲》EP.12｜來都來了，先選再說 志豪是熱血機師、義勇消防員， 怡萱曾任記者和發言人， 兩位平常都常處理突發…,https://www.facebook.com/p/%E6%B4%AA%E6%AF%93%E7%A5%A5-61574801496666/,,,,,
109,王安祥,台灣民眾黨,全國不分區（原任麥玉珍）,王安祥,2026-10-06,今天院會總質詢，我從台美經貿談判、產業發展一路談到勞工權益、漁業人權、國防建設與地方發展。,https://www.facebook.com/61553639986147/,,,,,
110,邱慧洳,台灣民眾黨,全國不分區（原任林國成）,邱慧洳,2026-10-07,【食安不能靠運氣 驗出超標就該提高把關！】,https://www.facebook.com/61587319024264/,,,,,
111,陳清龍,台灣民眾黨,全國不分區（原任林憶君）,陳清龍,2026-10-07,我的太太名字叫「小華」，青鳥就說是「陸配」！這就是選舉！,https://www.facebook.com/jackylone,,,,,
112,許忠信,台灣民眾黨,全國不分區（原任張啓楷）,許忠信,2026-10-07,許忠信教授律師服務處 週一— 週五（日）：0830 —1200； 1330—1730 週一— 週五（晚）：為服務上班族…,https://www.facebook.com/hsuchunghsin/,,,,,
113,劉書彬,台灣民眾黨,全國不分區（原任吳春城）,劉書彬,2026-10-07,【首長請辭不該是句點｜查明公器私用爭議，落實公私分際法制化】,https://www.facebook.com/p/%E5%8A%89%E6%9B%B8%E5%BD%AC-61570373315266/,,,,,
