直轄市,選區,姓名,黨籍,Facebook 粉專網址,粉專帳號ID,現任狀態
臺北市,第1選區（士林、北投）,汪志冰,中國國民黨,https://www.facebook.com/tcc9105/,tcc9105,現任
臺北市,第1選區（士林、北投）,張斯綱,中國國民黨,https://www.facebook.com/skchang.tw/,skchang.tw,現任
臺北市,第1選區（士林、北投）,陳重文,中國國民黨,https://www.facebook.com/tcc1201/,tcc1201,現任
臺北市,第1選區（士林、北投）,林杏兒,中國國民黨,https://www.facebook.com/hsingertw/,hsingertw,現任
臺北市,第1選區（士林、北投）,鍾佩玲,民主進步黨,https://www.facebook.com/peiling.chung.fans/,peiling.chung.fans,現任
臺北市,第1選區（士林、北投）,林世宗,民主進步黨,https://www.facebook.com/linshihzong/,linshihzong,現任
臺北市,第1選區（士林、北投）,陳慈慧,民主進步黨,https://www.facebook.com/tzuhui0901/,tzuhui0901,現任
臺北市,第1選區（士林、北投）,陳賢蔚,民主進步黨,https://www.facebook.com/ChenHsienWei/,ChenHsienWei,現任
臺北市,第1選區（士林、北投）,林延鳳,民主進步黨,https://www.facebook.com/linyanfeng.tw/,linyanfeng.tw,現任
臺北市,第1選區（士林、北投）,黃瀞瑩,台灣民眾黨,https://www.facebook.com/bravoting/,bravoting,現任
臺北市,第1選區（士林、北投）,侯漢廷,新黨,https://www.facebook.com/hrcp.taiwan/,hrcp.taiwan,現任
臺北市,第1選區（士林、北投）,陳政忠,無黨籍,https://www.facebook.com/chenchengchung/,chenchengchung,解職/停權
臺北市,第2選區（內湖、南港）,李彥秀,中國國民黨,https://www.facebook.com/Dr.LeeYenHsiu/,Dr.LeeYenHsiu,轉任立委
臺北市,第2選區（內湖、南港）,闕枚莎,中國國民黨,https://www.facebook.com/chuehmeisha/,chuehmeisha,現任
臺北市,第2選區（內湖、南港）,李明賢,中國國民黨,https://www.facebook.com/LeeMingHsienfans/,LeeMingHsienfans,現任
臺北市,第2選區（內湖、南港）,游淑慧,中國國民黨,https://www.facebook.com/taipeicathyyu/,taipeicathyyu,現任
臺北市,第2選區（內湖、南港）,吳世正,中國國民黨,https://www.facebook.com/wushihcheng/,wushihcheng,現任
臺北市,第2選區（內湖、南港）,王孝維,民主進步黨,https://www.facebook.com/wanghaowei/,wanghaowei,現任
臺北市,第2選區（內湖、南港）,何孟樺,民主進步黨,https://www.facebook.com/hermenghua/,hermenghua,現任
臺北市,第2選區（內湖、南港）,李建昌,民主進步黨,https://www.facebook.com/dr.lijianchang/,dr.lijianchang,現任
臺北市,第2選區（內湖、南港）,陳宥丞,台灣民眾黨,https://www.facebook.com/chenyoucheng.tw/,chenyoucheng.tw,現任
臺北市,第3選區（松山、信義）,戴錫欽,中國國民黨,https://www.facebook.com/digogo.taipei/,digogo.taipei,現任（議長）
臺北市,第3選區（松山、信義）,王鴻薇,中國國民黨,https://www.facebook.com/hungwei.org/,hungwei.org,轉任立委
臺北市,第3選區（松山、信義）,徐巧芯,中國國民黨,https://www.facebook.com/HsuChiaoHsin/,HsuChiaoHsin,轉任立委
臺北市,第3選區（松山、信義）,秦慧珠,中國國民黨,https://www.facebook.com/chin.huichu/,chin.huichu,現任
臺北市,第3選區（松山、信義）,詹為元,中國國民黨,https://www.facebook.com/weiyuanzhan/,weiyuanzhan,現任
臺北市,第3選區（松山、信義）,洪健益,民主進步黨,https://www.facebook.com/goodidea0903/,goodidea0903,現任
臺北市,第3選區（松山、信義）,許淑華,民主進步黨,https://www.facebook.com/shua0522/,shua0522,現任
臺北市,第3選區（松山、信義）,許家蓓,民主進步黨,https://www.facebook.com/jiabei0415/,jiabei0415,病逝
臺北市,第3選區（松山、信義）,張文潔,民主進步黨,https://www.facebook.com/wenchieh0808/,wenchieh0808,現任
臺北市,第4選區（中山、大同）,葉林傳,中國國民黨,https://www.facebook.com/yehlinchuan/,yehlinchuan,現任（副議長）
臺北市,第4選區（中山、大同）,陳炳甫,中國國民黨,https://www.facebook.com/chenpingfu/,chenpingfu,現任
臺北市,第4選區（中山、大同）,柳采葳,中國國民黨,https://www.facebook.com/TsaiWeiLiu/,TsaiWeiLiu,現任
臺北市,第4選區（中山、大同）,王世堅,民主進步黨,https://www.facebook.com/shijiantw/,shijiantw,轉任立委
臺北市,第4選區（中山、大同）,陳怡君,民主進步黨,https://www.facebook.com/tccyichun/,tccyichun,現任
臺北市,第4選區（中山、大同）,顏若芳,民主進步黨,https://www.facebook.com/yengirls/,yengirls,現任
臺北市,第4選區（中山、大同）,林珍羽,台灣民眾黨,https://www.facebook.com/JennyLinTPE/,JennyLinTPE,現任
臺北市,第4選區（中山、大同）,林亮君,民主進步黨,https://www.facebook.com/SabrinaLin.Taipei/,SabrinaLin.Taipei,現任
臺北市,第5選區（中正、萬華）,吳志剛,中國國民黨,https://www.facebook.com/wuchikang/,wuchikang,現任
臺北市,第5選區（中正、萬華）,應曉薇,中國國民黨,https://www.facebook.com/yinghsiaowei/,yinghsiaowei,現任
臺北市,第5選區（中正、萬華）,郭昭巖,中國國民黨,https://www.facebook.com/kuochaoyen/,kuochaoyen,現任
臺北市,第5選區（中正、萬華）,鍾小平,中國國民黨,https://www.facebook.com/chungshaoping/,chungshaoping,現任
臺北市,第5選區（中正、萬華）,劉耀仁,民主進步黨,https://www.facebook.com/yaorenliu/,yaorenliu,現任
臺北市,第5選區（中正、萬華）,洪婉臻,民主進步黨,https://www.facebook.com/hungwanchen.tw/,hungwanchen.tw,現任
臺北市,第5選區（中正、萬華）,吳沛憶,民主進步黨,https://www.facebook.com/Pay1Pay1/,Pay1Pay1,轉任立委
臺北市,第5選區（中正、萬華）,徐立信,無黨籍,https://www.facebook.com/hsu.lihsin/,hsu.lihsin,現任
臺北市,第6選區（大安、文山）,李柏毅,中國國民黨,https://www.facebook.com/LeePoYiTaipei/,LeePoYiTaipei,現任
臺北市,第6選區（大安、文山）,徐弘庭,中國國民黨,https://www.facebook.com/hungting.hsu/,hungting.hsu,現任
臺北市,第6選區（大安、文山）,鍾沛君,中國國民黨,https://www.facebook.com/ChungPeiChun/,ChungPeiChun,現任
臺北市,第6選區（大安、文山）,耿葳,中國國民黨,https://www.facebook.com/therealwei/,therealwei,現任
臺北市,第6選區（大安、文山）,陳錦祥,中國國民黨,https://www.facebook.com/chenchinshiang/,chenchinshiang,現任
臺北市,第6選區（大安、文山）,楊植斗,中國國民黨,https://www.facebook.com/zhidou.yang/,zhidou.yang,現任
臺北市,第6選區（大安、文山）,王欣儀,中國國民黨,https://www.facebook.com/hsinyi.wang/,hsinyi.wang,現任
臺北市,第6選區（大安、文山）,曾獻瑩,無黨籍,https://www.facebook.com/xianying.tseng/,xianying.tseng,現任
臺北市,第6選區（大安、文山）,簡舒培,民主進步黨,https://www.facebook.com/justmatchtaipei/,justmatchtaipei,現任
臺北市,第6選區（大安、文山）,王閔生,民主進步黨,https://www.facebook.com/wangminsheng/,wangminsheng,現任
臺北市,第6選區（大安、文山）,趙怡翔,民主進步黨,https://www.facebook.com/vincentzhaotw/,vincentzhaotw,現任
臺北市,第6選區（大安、文山）,苗博雅,社會民主黨,https://www.facebook.com/MiaoPoya/,MiaoPoya,現任
臺北市,第6選區（大安、文山）,張志豪,台灣民眾黨,https://www.facebook.com/captain.changzhihao/,captain.changzhihao,現任
臺北市,第7選區（平地原住民）,李芳儒,中國國民黨,https://www.facebook.com/lifangru.taipei/,lifangru.taipei,現任
臺北市,第8選區（山地原住民）,李傅中武,中國國民黨,https://www.facebook.com/lifuchungwu/,lifuchungwu,現任
新北市,第1選區（淡水、石門、三芝、八里）,陳偉傑,中國國民黨,https://www.facebook.com/weijie.tw/,weijie.tw,現任
新北市,第1選區（淡水、石門、三芝、八里）,陳家琪,中國國民黨,https://www.facebook.com/ChiChiChen0120/,ChiChiChen0120,現任
新北市,第1選區（淡水、石門、三芝、八里）,鄭宇恩,民主進步黨,https://www.facebook.com/yuen.ntpc/,yuen.ntpc,現任
新北市,第1選區（淡水、石門、三芝、八里）,蔡錦賢,無黨團結聯盟,https://www.facebook.com/TsaiChinHsien/,TsaiChinHsien,現任
新北市,第2選區（五股、泰山、林口）,蔡淑君,中國國民黨,https://www.facebook.com/shuchuntsai/,shuchuntsai,現任
新北市,第2選區（五股、泰山、林口）,陳明義,中國國民黨,https://www.facebook.com/chen.ming.yi.fans/,chen.ming.yi.fans,現任
新北市,第2選區（五股、泰山、林口）,宋明宗,中國國民黨,https://www.facebook.com/mingtsung.song/,mingtsung.song,現任
新北市,第2選區（五股、泰山、林口）,李宇翔,民主進步黨,https://www.facebook.com/yuxiang.taiwan/,yuxiang.taiwan,現任
新北市,第3選區（新莊區）,蔣根煌,中國國民黨,https://www.facebook.com/ntpcchiang/,ntpcchiang,現任（議長）
新北市,第3選區（新莊區）,蔡健棠,中國國民黨,https://www.facebook.com/ChienTangTsai/,ChienTangTsai,現任
新北市,第3選區（新莊區）,戴湘儀,中國國民黨,https://www.facebook.com/superladysamantha/,superladysamantha,現任
新北市,第3選區（新莊區）,林秉宥,民主進步黨,https://www.facebook.com/bingyou.lin/,bingyou.lin,現任
新北市,第3選區（新莊區）,翁震州,民主進步黨,https://www.facebook.com/wengchenchou/,wengchenchou,現任
新北市,第3選區（新莊區）,鍾宏仁,民主進步黨,https://www.facebook.com/hongrenchung/,hongrenchung,現任
新北市,第3選區（新莊區）,陳世軒,台灣民眾黨,https://www.facebook.com/shihhsuan.chen/,shihhsuan.chen,現任
新北市,第4選區（三重、蘆洲）,王威元,中國國民黨,https://www.facebook.com/v1018/,v1018,現任
新北市,第4選區（三重、蘆洲）,黃桂蘭,中國國民黨,https://www.facebook.com/newtaipeifirefly/,newtaipeifirefly,現任
新北市,第4選區（三重、蘆洲）,李翁月娥,無黨籍,https://www.facebook.com/yueeh.liweng/,yueeh.liweng,現任
新北市,第4選區（三重、蘆洲）,李余典,民主進步黨,https://www.facebook.com/yutienli/,yutienli,現任
新北市,第4選區（三重、蘆洲）,陳啟能,民主進步黨,https://www.facebook.com/chenchineng/,chenchineng,現任
新北市,第4選區（三重、蘆洲）,邱婷蔚,民主進步黨,https://www.facebook.com/TingWeiQiu/,TingWeiQiu,現任
新北市,第4選區（三重、蘆洲）,彭佳芸,民主進步黨,https://www.facebook.com/Chiayun0210/,Chiayun0210,現任
新北市,第4選區（三重、蘆洲）,李倩萍,民主進步黨,https://www.facebook.com/lichienping/,lichienping,現任
新北市,第4選區（三重、蘆洲）,顏蔚慈,民主進步黨,https://www.facebook.com/yenweitzu/,yenweitzu,現任
新北市,第5選區（板橋區）,林國春,中國國民黨,https://www.facebook.com/kuochun.lin.fans/,kuochun.lin.fans,現任
新北市,第5選區（板橋區）,劉美芳,中國國民黨,https://www.facebook.com/meifang0704/,meifang0704,現任
新北市,第5選區（板橋區）,曾煥嘉,中國國民黨,https://www.facebook.com/huanjia.tseng/,huanjia.tseng,現任
新北市,第5選區（板橋區）,周勝考,中國國民黨,https://www.facebook.com/shengkao.chou/,shengkao.chou,現任
新北市,第5選區（板橋區）,葉元之,中國國民黨,https://www.facebook.com/fanyuanzhi/,fanyuanzhi,轉任立委
新北市,第5選區（板橋區）,戴瑋姍,民主進步黨,https://www.facebook.com/wei3wei3/,wei3wei3,現任
新北市,第5選區（板橋區）,山田摩衣,民主進步黨,https://www.facebook.com/yamada.banqiao/,yamada.banqiao,現任
新北市,第5選區（板橋區）,黃淑君,民主進步黨,https://www.facebook.com/shuchun0805/,shuchun0805,現任
新北市,第5選區（板橋區）,石一佑,民主進步黨,https://www.facebook.com/shihyiyou/,shihyiyou,現任（遞補）
新北市,第6選區（中和區）,邱烽堯,中國國民黨,https://www.facebook.com/choufengyao/,choufengyao,現任
新北市,第6選區（中和區）,金瑞龍,中國國民黨,https://www.facebook.com/jinruilong/,jinruilong,現任
新北市,第6選區（中和區）,游輝宂,中國國民黨,https://www.facebook.com/huiyung.yu/,huiyung.yu,現任
新北市,第6選區（中和區）,陳錦錠,中國國民黨,https://www.facebook.com/chindin.chen/,chindin.chen,現任
新北市,第6選區（中和區）,張維倩,民主進步黨,https://www.facebook.com/weichienchang/,weichienchang,現任
新北市,第6選區（中和區）,張嘉玲,民主進步黨,https://www.facebook.com/chialing0919/,chialing0919,現任
新北市,第7選區（永和區）,陳鴻源,中國國民黨,https://www.facebook.com/hyc.fans/,hyc.fans,現任（副議長）
新北市,第7選區（永和區）,連斐璠,中國國民黨,https://www.facebook.com/feifanl/,feifanl,現任
新北市,第7選區（永和區）,許昭興,民主進步黨,https://www.facebook.com/chao.hsing.hsu/,chao.hsing.hsu,現任
新北市,第8選區（土城、樹林、鶯歌、三峽）,林金結,中國國民黨,https://www.facebook.com/chinchieh.lin/,chinchieh.lin,現任
新北市,第8選區（土城、樹林、鶯歌、三峽）,洪佳君,中國國民黨,https://www.facebook.com/chiachun.hung/,chiachun.hung,現任
新北市,第8選區（土城、樹林、鶯歌、三峽）,江怡臻,中國國民黨,https://www.facebook.com/ichenchiangichen/,ichenchiangichen,現任
新北市,第8選區（土城、樹林、鶯歌、三峽）,黃永昌,中國國民黨,https://www.facebook.com/ntpcyc/,ntpcyc,現任
新北市,第8選區（土城、樹林、鶯歌、三峽）,呂家愷,中國國民黨,https://www.facebook.com/chiakai.lu/,chiakai.lu,現任
新北市,第8選區（土城、樹林、鶯歌、三峽）,彭一書,民主進步黨,https://www.facebook.com/yishu.peng/,yishu.peng,現任
新北市,第8選區（土城、樹林、鶯歌、三峽）,廖宜琨,民主進步黨,https://www.facebook.com/liaoyikun/,liaoyikun,現任
新北市,第8選區（土城、樹林、鶯歌、三峽）,卓冠廷,民主進步黨,https://www.facebook.com/kuantingcho/,kuantingcho,現任
新北市,第8選區（土城、樹林、鶯歌、三峽）,林銘仁,民主進步黨,https://www.facebook.com/mingren.lin/,mingren.lin,現任
新北市,第8選區（土城、樹林、鶯歌、三峽）,蘇泓欽,無黨團結聯盟,https://www.facebook.com/hungchin.su/,hungchin.su,現任
新北市,第9選區（新店、深坑、石碇、坪林、烏來）,劉哲彰,中國國民黨,https://www.facebook.com/chechang.liu/,chechang.liu,現任
新北市,第9選區（新店、深坑、石碇、坪林、烏來）,陳儀君,中國國民黨,https://www.facebook.com/yichun.chen.fans/,yichun.chen.fans,現任
新北市,第9選區（新店、深坑、石碇、坪林、烏來）,黃心華,中國國民黨,https://www.facebook.com/xinhua.huang/,xinhua.huang,現任
新北市,第9選區（新店、深坑、石碇、坪林、烏來）,陳乃瑜,民主進步黨,https://www.facebook.com/naiyuchen.tw/,naiyuchen.tw,現任
新北市,第9選區（新店、深坑、石碇、坪林、烏來）,陳永福,民主進步黨,https://www.facebook.com/yungfu.chen/,yungfu.chen,現任
新北市,第10選區（瑞芳、平溪、雙溪、貢寮）,林裔綺,民主進步黨,https://www.facebook.com/yichi.lin.fans/,yichi.lin.fans,現任
新北市,第11選區（汐止、金山、萬里）,白珮茹,中國國民黨,https://www.facebook.com/peiju.pai/,peiju.pai,現任
新北市,第11選區（汐止、金山、萬里）,廖先翔,中國國民黨,https://www.facebook.com/hsienhsiang.liao/,hsienhsiang.liao,轉任立委
新北市,第11選區（汐止、金山、萬里）,周雅玲,民主進步黨,https://www.facebook.com/yaling.chou.fans/,yaling.chou.fans,現任
新北市,第11選區（汐止、金山、萬里）,張錦豪,民主進步黨,https://www.facebook.com/chinhao.chang/,chinhao.chang,現任
新北市,第12選區（平地原住民）,楊春妹,中國國民黨,https://www.facebook.com/chunmei.yang/,chunmei.yang,現任
新北市,第12選區（平地原住民）,宋雨蓁,無黨籍,https://www.facebook.com/nikar.atomo/,nikar.atomo,現任
新北市,第12選區（平地原住民）,蘇錦雄,民主進步黨,https://www.facebook.com/payan.talu/,payan.talu,現任
新北市,第13選區（山地原住民）,馬見 Lahuy Ipin,無黨籍,https://www.facebook.com/lahuyipin/,lahuyipin,現任
桃園市,第1選區（桃園區）,凌濤,中國國民黨,https://www.facebook.com/LingTaoOfficial/,LingTaoOfficial,現任
桃園市,第1選區（桃園區）,詹江村,中國國民黨,https://www.facebook.com/village.chief.chan/,village.chief.chan,現任
桃園市,第1選區（桃園區）,林政賢,中國國民黨,https://www.facebook.com/ty.lin.cheng.hsien/,ty.lin.cheng.hsien,現任
桃園市,第1選區（桃園區）,陳美梅,中國國民黨,https://www.facebook.com/meimei0935555188/,meimei0935555188,現任
桃園市,第1選區（桃園區）,黃婉如,中國國民黨,https://www.facebook.com/wanru.huang.fans/,wanru.huang.fans,現任
桃園市,第1選區（桃園區）,張碩芳,中國國民黨,https://www.facebook.com/shuofang.chang/,shuofang.chang,現任
桃園市,第1選區（桃園區）,李曉鐘,中國國民黨,https://www.facebook.com/hsiaochung.lee/,hsiaochung.lee,現任（副議長）
桃園市,第1選區（桃園區）,余信憲,民主進步黨,https://www.facebook.com/hsinhsien.yu/,hsinhsien.yu,現任
桃園市,第1選區（桃園區）,黃家齊,民主進步黨,https://www.facebook.com/ChiChiHuang0818/,ChiChiHuang0818,現任
桃園市,第1選區（桃園區）,李光達,民主進步黨,https://www.facebook.com/kuangta.lee/,kuangta.lee,現任
桃園市,第1選區（桃園區）,黃瓊慧,民主進步黨,https://www.facebook.com/hi54qn/,hi54qn,現任
桃園市,第1選區（桃園區）,于北辰,無黨籍,https://www.facebook.com/beichen.yu/,beichen.yu,現任
桃園市,第2選區（龜山區）,陳雅倫,民主進步黨,https://www.facebook.com/yalun.chen.fans/,yalun.chen.fans,現任
桃園市,第2選區（龜山區）,李宗豪,民主進步黨,https://www.facebook.com/tsunghao.lee/,tsunghao.lee,現任
桃園市,第2選區（龜山區）,孫韻璇,中國國民黨,https://www.facebook.com/sun.yun.syuan/,sun.yun.syuan,現任
桃園市,第2選區（龜山區）,牛煦庭,中國國民黨,https://www.facebook.com/hsu.ting.niu/,hsu.ting.niu,轉任立委
桃園市,第3選區（八德區）,楊朝偉,中國國民黨,https://www.facebook.com/chaowei.yang.fans/,chaowei.yang.fans,現任
桃園市,第3選區（八德區）,段樹文,無黨籍,https://www.facebook.com/shuwen.tuan/,shuwen.tuan,現任
桃園市,第3選區（八德區）,呂林小鳳,民主進步黨,https://www.facebook.com/hsiaofeng.lulin/,hsiaofeng.lulin,現任
桃園市,第3選區（八德區）,許家睿,民主進步黨,https://www.facebook.com/chiarui.hsu/,chiarui.hsu,現任
桃園市,第3選區（八德區）,朱珍瑤,中國國民黨,https://www.facebook.com/chenyao.chu/,chenyao.chu,現任
桃園市,第4選區（蘆竹區）,錢龍,中國國民黨,https://www.facebook.com/chienlung.fans/,chienlung.fans,現任
桃園市,第4選區（蘆竹區）,許清順,民主進步黨,https://www.facebook.com/chingshun.hsu/,chingshun.hsu,現任
桃園市,第4選區（蘆竹區）,劉勝全,無黨籍,https://www.facebook.com/shengchuan.liu/,shengchuan.liu,現任
桃園市,第4選區（蘆竹區）,張桂綿(蘆竹),中國國民黨,https://www.facebook.com/luchu.chang/,luchu.chang,現任
桃園市,第5選區（大園區）,徐其萬,中國國民黨,https://www.facebook.com/chiwan.hsu/,chiwan.hsu,現任
桃園市,第5選區（大園區）,游吾和,民主進步黨,https://www.facebook.com/wuho.yu/,wuho.yu,現任
桃園市,第6選區（大溪區、復興區）,李柏坊,中國國民黨,https://www.facebook.com/pofang.lee/,pofang.lee,現任
桃園市,第6選區（大溪區、復興區）,陳治文,民主進步黨,https://www.facebook.com/chihwen.chen.fans/,chihwen.chen.fans,現任
桃園市,第7選區（中壢區）,邱奕勝,中國國民黨,https://www.facebook.com/chious1212/,chious1212,現任（議長）
桃園市,第7選區（中壢區）,葉明月,中國國民黨,https://www.facebook.com/mingyueh.yeh/,mingyueh.yeh,現任
桃園市,第7選區（中壢區）,吳嘉和,中國國民黨,https://www.facebook.com/chiaho.wu/,chiaho.wu,現任
桃園市,第7選區（中壢區）,梁為超,中國國民黨,https://www.facebook.com/weichao.liang/,weichao.liang,現任
桃園市,第7選區（中壢區）,彭俊豪,民主進步黨,https://www.facebook.com/GoodJunHao/,GoodJunHao,現任
桃園市,第7選區（中壢區）,黃崇真,民主進步黨,https://www.facebook.com/chongzhen.huang/,chongzhen.huang,現任
桃園市,第7選區（中壢區）,魏筠,民主進步黨,https://www.facebook.com/weiyun0105/,weiyun0105,現任
桃園市,第7選區（中壢區）,張曉昀,民主進步黨,https://www.facebook.com/xiaoyun.chang/,xiaoyun.chang,現任
桃園市,第7選區（中壢區）,謝美英,無黨籍,https://www.facebook.com/meiying.hsieh/,meiying.hsieh,現任
桃園市,第7選區（中壢區）,劉曾玉春,無黨籍,https://www.facebook.com/yuchun.liutseng/,yuchun.liutseng,現任
桃園市,第7選區（中壢區）,徐景文,民主進步黨,https://www.facebook.com/chingwen.hsu/,chingwen.hsu,現任
桃園市,第8選區（平鎮區）,舒翠玲,中國國民黨,https://www.facebook.com/ling0933109621/,ling0933109621,現任
桃園市,第8選區（平鎮區）,黃敬平,中國國民黨,https://www.facebook.com/chingping.huang/,chingping.huang,現任
桃園市,第8選區（平鎮區）,陳韋曄,中國國民黨,https://www.facebook.com/weiyeh.chen/,weiyeh.chen,現任
桃園市,第8選區（平鎮區）,王珮毓,民主進步黨,https://www.facebook.com/peiyu.wang.tw/,peiyu.wang.tw,現任
桃園市,第8選區（平鎮區）,劉仁照,民主進步黨,https://www.facebook.com/jenchao.liu/,jenchao.liu,現任
桃園市,第8選區（平鎮區）,楊家俍,民主進步黨,https://www.facebook.com/chialiang.yang/,chialiang.yang,現任
桃園市,第9選區（楊梅區）,周玉琴,中國國民黨,https://www.facebook.com/yuchin.chou/,yuchin.chou,現任
桃園市,第9選區（楊梅區）,涂權吉,中國國民黨,https://www.facebook.com/chuanchi.tu/,chuanchi.tu,轉任立委
桃園市,第9選區（楊梅區）,鄭淑方,民主進步黨,https://www.facebook.com/shufang.cheng/,shufang.cheng,現任
桃園市,第9選區（楊梅區）,李家興,無黨籍,https://www.facebook.com/chiahsing.lee/,chiahsing.lee,現任
桃園市,第10選區（龍潭區）,劉熒隆,中國國民黨,https://www.facebook.com/yinglung.liu/,yinglung.liu,現任
桃園市,第10選區（龍潭區）,徐玉樹,中國國民黨,https://www.facebook.com/yushu.hsu/,yushu.hsu,現任
桃園市,第10選區（龍潭區）,張肇良,民主進步黨,https://www.facebook.com/chaoliang.chang/,chaoliang.chang,現任
桃園市,第11選區（新屋區）,陳睿生,民主進步黨,https://www.facebook.com/ruisheng.chen/,ruisheng.chen,現任
桃園市,第12選區（觀音區）,吳進昌,中國國民黨,https://www.facebook.com/chinchang.wu/,chinchang.wu,現任
桃園市,第12選區（觀音區）,許更生,無黨籍,https://www.facebook.com/kengsheng.hsu/,kengsheng.hsu,現任
桃園市,第13選區（平地原住民）,王仙蓮,中國國民黨,https://www.facebook.com/hsienlien.wang/,hsienlien.wang,現任
桃園市,第13選區（平地原住民）,林志強,民主進步黨,https://www.facebook.com/chichiang.lin/,chichiang.lin,現任
桃園市,第13選區（平地原住民）,張秀菊,無黨籍,https://www.facebook.com/hsiuchu.chang/,hsiuchu.chang,現任
桃園市,第13選區（平地原住民）,楊進福,無黨籍,https://www.facebook.com/chinfu.yang/,chinfu.yang,現任
桃園市,第14選區（山地原住民）,簡志偉,中國國民黨,https://www.facebook.com/chihwei.chien/,chihwei.chien,現任
桃園市,第14選區（山地原住民）,陳瑛,中國國民黨,https://www.facebook.com/ying.chen.fans/,ying.chen.fans,現任
桃園市,第14選區（山地原住民）,蘇偉恩,無黨籍,https://www.facebook.com/weien.su/,weien.su,現任
臺中市,第1選區（大甲、大安、外埔）,李文傑,中國國民黨,https://www.facebook.com/wenchieh.lee/,wenchieh.lee,現任
臺中市,第1選區（大甲、大安、外埔）,楊啓邦,中國國民黨,https://www.facebook.com/chibang.yang/,chibang.yang,現任
臺中市,第1選區（大甲、大安、外埔）,施志昌,民主進步黨,https://www.facebook.com/ccshih1123/,ccshih1123,現任
臺中市,第2選區（清水、梧棲、沙鹿）,張清照,中國國民黨,https://www.facebook.com/chao.taichung/,chao.taichung,現任（議長）
臺中市,第2選區（清水、梧棲、沙鹿）,顏莉敏,中國國民黨,https://www.facebook.com/YenLiMin/,YenLiMin,現任（副議長）
臺中市,第2選區（清水、梧棲、沙鹿）,楊典忠,民主進步黨,https://www.facebook.com/tienchung.yang/,tienchung.yang,現任
臺中市,第2選區（清水、梧棲、沙鹿）,王立任,民主進步黨,https://www.facebook.com/liren.wang/,liren.wang,現任
臺中市,第2選區（清水、梧棲、沙鹿）,陳廷秀,無黨籍,https://www.facebook.com/tinghsiu.chen/,tinghsiu.chen,現任
臺中市,第3選區（龍井、大肚、烏日）,吳瓊華,中國國民黨,https://www.facebook.com/chiunghua.wu/,chiunghua.wu,現任
臺中市,第3選區（龍井、大肚、烏日）,林孟令,中國國民黨,https://www.facebook.com/mengling.lin/,mengling.lin,現任
臺中市,第3選區（龍井、大肚、烏日）,張家銨,民主進步黨,https://www.facebook.com/chiaan.chang/,chiaan.chang,現任
臺中市,第3選區（龍井、大肚、烏日）,曾威,民主進步黨,https://www.facebook.com/wei.tseng.fans/,wei.tseng.fans,現任
臺中市,第3選區（龍井、大肚、烏日）,林昊佑,無黨籍,https://www.facebook.com/haoyu.lin/,haoyu.lin,現任
臺中市,第4選區（后里、豐原）,張瀞分,中國國民黨,https://www.facebook.com/chingfen.chang/,chingfen.chang,現任
臺中市,第4選區（后里、豐原）,陳本添,中國國民黨,https://www.facebook.com/pentian.chen/,pentian.chen,現任
臺中市,第4選區（后里、豐原）,邱愛珊,中國國民黨,https://www.facebook.com/aishan.chiu/,aishan.chiu,現任
臺中市,第4選區（后里、豐原）,謝志忠,民主進步黨,https://www.facebook.com/chihchung.hsieh/,chihchung.hsieh,現任
臺中市,第4選區（后里、豐原）,陳清龍,無黨籍,https://www.facebook.com/chinglung.chen/,chinglung.chen,現任
臺中市,第5選區（神岡、大雅、潭子）,賴朝國,中國國民黨,https://www.facebook.com/chaokuo.lai/,chaokuo.lai,現任
臺中市,第5選區（神岡、大雅、潭子）,吳呈賢,中國國民黨,https://www.facebook.com/chengxian.wu/,chengxian.wu,現任
臺中市,第5選區（神岡、大雅、潭子）,羅永珍,中國國民黨,https://www.facebook.com/yungchen.lo/,yungchen.lo,現任
臺中市,第5選區（神岡、大雅、潭子）,蕭隆澤,民主進步黨,https://www.facebook.com/lungtse.hsiao/,lungtse.hsiao,現任
臺中市,第5選區（神岡、大雅、潭子）,周永鴻,民主進步黨,https://www.facebook.com/yunghung.chou/,yunghung.chou,現任
臺中市,第5選區（神岡、大雅、潭子）,徐瑄灃,無黨籍,https://www.facebook.com/hsuanfeng.hsu/,hsuanfeng.hsu,現任
臺中市,第6選區（西屯區）,黃馨慧,中國國民黨,https://www.facebook.com/hsinhui.huang/,hsinhui.huang,現任
臺中市,第6選區（西屯區）,楊大鋐,中國國民黨,https://www.facebook.com/tahung.yang/,tahung.yang,現任
臺中市,第6選區（西屯區）,張廖乃綸,中國國民黨,https://www.facebook.com/nailun.changliao/,nailun.changliao,現任
臺中市,第6選區（西屯區）,陳淑華,民主進步黨,https://www.facebook.com/shuhua.chen/,shuhua.chen,現任
臺中市,第6選區（西屯區）,林祈烽,民主進步黨,https://www.facebook.com/chifeng.lin/,chifeng.lin,現任
臺中市,第7選區（南屯區）,劉士州,中國國民黨,https://www.facebook.com/shihchou.liu/,shihchou.liu,現任
臺中市,第7選區（南屯區）,朱暖英,中國國民黨,https://www.facebook.com/nuanying.chu/,nuanying.chu,現任
臺中市,第7選區（南屯區）,何文海,民主進步黨,https://www.facebook.com/wenhai.ho/,wenhai.ho,現任
臺中市,第7選區（南屯區）,吳佩芸,無黨籍,https://www.facebook.com/taichungyun/,taichungyun,現任
臺中市,第8選區（北屯區）,沈佑蓮,中國國民黨,https://www.facebook.com/yulien.shen/,yulien.shen,現任
臺中市,第8選區（北屯區）,陳成添,中國國民黨,https://www.facebook.com/chengtien.chen/,chengtien.chen,現任
臺中市,第8選區（北屯區）,賴順仁,中國國民黨,https://www.facebook.com/shunjen.lai/,shunjen.lai,現任
臺中市,第8選區（北屯區）,黃健豪,中國國民黨,https://www.facebook.com/chienhao.huang/,chienhao.huang,轉任立委
臺中市,第8選區（北屯區）,曾朝榮,民主進步黨,https://www.facebook.com/chaojung.tseng/,chaojung.tseng,現任
臺中市,第8選區（北屯區）,謝家宜,民主進步黨,https://www.facebook.com/chiayi.hsieh/,chiayi.hsieh,現任
臺中市,第9選區（北區）,陳文政,中國國民黨,https://www.facebook.com/wencheng.chen.fans/,wencheng.chen.fans,現任
臺中市,第9選區（北區）,陳政顯,中國國民黨,https://www.facebook.com/chengxian.chen/,chengxian.chen,現任
臺中市,第9選區（北區）,陳俞融,民主進步黨,https://www.facebook.com/yujung.chen/,yujung.chen,現任
臺中市,第10選區（中區、西區）,張彥彤,中國國民黨,https://www.facebook.com/yentung.chang/,yentung.chang,現任
臺中市,第10選區（中區、西區）,江肇國,民主進步黨,https://www.facebook.com/chaokuo.chiang/,chaokuo.chiang,現任
臺中市,第10選區（中區、西區）,黃守達,民主進步黨,https://www.facebook.com/DadaHuang1989/,DadaHuang1989,現任
臺中市,第11選區（東區、南區）,羅廷瑋,中國國民黨,https://www.facebook.com/tingwei.lo/,tingwei.lo,轉任立委
臺中市,第11選區（東區、南區）,李中,中國國民黨,https://www.facebook.com/chung.lee.fans/,chung.lee.fans,現任
臺中市,第11選區（東區、南區）,林霈涵,中國國民黨,https://www.facebook.com/peihan.lin/,peihan.lin,現任
臺中市,第11選區（東區、南區）,鄭功進,民主進步黨,https://www.facebook.com/kungchin.cheng/,kungchin.cheng,現任
臺中市,第11選區（東區、南區）,陳雅惠,民主進步黨,https://www.facebook.com/yahui.chen.fans/,yahui.chen.fans,現任
臺中市,第12選區（太平區）,賴義鍠,中國國民黨,https://www.facebook.com/yihuang.lai/,yihuang.lai,現任
臺中市,第12選區（太平區）,黃佳恬,中國國民黨,https://www.facebook.com/chiatien.huang/,chiatien.huang,現任
臺中市,第12選區（太平區）,張玉嬿,民主進步黨,https://www.facebook.com/yuyen.chang/,yuyen.chang,現任
臺中市,第12選區（太平區）,蔡耀頡,民主進步黨,https://www.facebook.com/yaochieh.tsai/,yaochieh.tsai,現任
臺中市,第13選區（大里區、霧峰區）,蘇柏興,中國國民黨,https://www.facebook.com/pohsing.su/,pohsing.su,現任
臺中市,第13選區（大里區、霧峰區）,林碧秀,中國國民黨,https://www.facebook.com/pohsiu.lin/,pohsiu.lin,現任
臺中市,第13選區（大里區、霧峰區）,李天生,民主進步黨,https://www.facebook.com/tiansheng.lee/,tiansheng.lee,現任
臺中市,第13選區（大里區、霧峰區）,林德宇,民主進步黨,https://www.facebook.com/teyu.lin/,teyu.lin,現任
臺中市,第13選區（大里區、霧峰區）,張芬郁,民主進步黨,https://www.facebook.com/fenyu.chang/,fenyu.chang,現任
臺中市,第13選區（大里區、霧峰區）,江和樹,台灣民眾黨,https://www.facebook.com/100047297856752/,100047297856752,現任
臺中市,第14選區（東勢、石岡、新社、和平）,吳振嘉,中國國民黨,https://www.facebook.com/chenchia.wu/,chenchia.wu,現任
臺中市,第14選區（東勢、石岡、新社、和平）,蔡成圭,民主進步黨,https://www.facebook.com/chengkuei.tsai/,chengkuei.tsai,現任
臺中市,第15選區（平地原住民）,吳建德,中國國民黨,https://www.facebook.com/chiante.wu/,chiante.wu,現任（補選）
臺中市,第16選區（山地原住民）,古秀英,無黨籍,https://www.facebook.com/hsiuying.ku/,hsiuying.ku,現任
臺中市,第17選區（山地原住民）,朱元宏,無黨籍,https://www.facebook.com/yuanhung.chu/,yuanhung.chu,現任
臺南市,第1選區（新營、後壁等6區）,李宗翰,民主進步黨,https://www.facebook.com/tsunghan.lee/,tsunghan.lee,現任
臺南市,第1選區（新營、後壁等6區）,王宣貿,民主進步黨,https://www.facebook.com/hsuanmao.wang/,hsuanmao.wang,現任
臺南市,第1選區（新營、後壁等6區）,沈家鳳,民主進步黨,https://www.facebook.com/chiafeng.shen/,chiafeng.shen,現任
臺南市,第1選區（新營、後壁等6區）,蔡育輝,中國國民黨,https://www.facebook.com/yuhui877/,yuhui877,現任
臺南市,第1選區（新營、後壁等6區）,張世賢,無黨籍,https://www.facebook.com/shihhsien.chang/,shihhsien.chang,病逝
臺南市,第1選區（新營、後壁等6區）,趙昆原,無黨籍,https://www.facebook.com/kunyaun.chao/,kunyaun.chao,現任
臺南市,第2選區（佳里、學甲等6區）,蔡秋蘭,無黨籍,https://www.facebook.com/chiulan.tsai/,chiulan.tsai,現任
臺南市,第2選區（佳里、學甲等6區）,蔡蘇秋金,民主進步黨,https://www.facebook.com/chiuchin.tsaisu/,chiuchin.tsaisu,現任
臺南市,第2選區（佳里、學甲等6區）,謝舒凡,民主進步黨,https://www.facebook.com/shufan.hsieh/,shufan.hsieh,現任
臺南市,第2選區（佳里、學甲等6區）,方一峰,中國國民黨,https://www.facebook.com/yifeng.fang/,yifeng.fang,現任
臺南市,第2選區（佳里、學甲等6區）,陳昆和,無黨籍,https://www.facebook.com/kunho.chen/,kunho.chen,現任
臺南市,第3選區（麻豆、官田等5區）,陳秋宏,民主進步黨,https://www.facebook.com/chiuhung.chen/,chiuhung.chen,現任
臺南市,第3選區（麻豆、官田等5區）,吳通龍,民主進步黨,https://www.facebook.com/tunglung.wu/,tunglung.wu,現任
臺南市,第3選區（麻豆、官田等5區）,尤榮智,中國國民黨,https://www.facebook.com/jungchih.yu/,jungchih.yu,現任
臺南市,第4選區（玉井、楠西等4區）,周奕齊,無黨團結聯盟,https://www.facebook.com/yichi.chou/,yichi.chou,現任
臺南市,第5選區（善化、新市等5區）,李偉智,民主進步黨,https://www.facebook.com/weichih.lee/,weichih.lee,現任
臺南市,第5選區（善化、新市等5區）,林志展,民主進步黨,https://www.facebook.com/chihchan.lin/,chihchan.lin,現任（副議長）
臺南市,第5選區（善化、新市等5區）,陳碧玉,民主進步黨,https://www.facebook.com/piyu.chen/,piyu.chen,現任
臺南市,第5選區（善化、新市等5區）,余柷青,民主進步黨,https://www.facebook.com/chuching.yu/,chuching.yu,現任
臺南市,第5選區（善化、新市等5區）,李文俊,無黨籍,https://www.facebook.com/wenchun.lee/,wenchun.lee,現任
臺南市,第6選區（安南區）,郭清華,民主進步黨,https://www.facebook.com/chinghua.kuo/,chinghua.kuo,現任
臺南市,第6選區（安南區）,王錦德,民主進步黨,https://www.facebook.com/chinte.wang/,chinte.wang,現任（遞補）
臺南市,第6選區（安南區）,蔡麗青,民主進步黨,https://www.facebook.com/liching.tsai/,liching.tsai,現任
臺南市,第6選區（安南區）,李中岑,中國國民黨,https://www.facebook.com/chungtsen.lee/,chungtsen.lee,現任
臺南市,第6選區（安南區）,郭信良,無黨籍,https://www.facebook.com/hsinliang.kuo/,hsinliang.kuo,現任
臺南市,第6選區（安南區）,黃麗招,無黨籍,https://www.facebook.com/lichao.huang/,lichao.huang,現任
臺南市,第7選區（永康區）,朱正軒,民主進步黨,https://www.facebook.com/chengshuan.chu/,chengshuan.chu,現任
臺南市,第7選區（永康區）,黃肇輝,民主進步黨,https://www.facebook.com/chaohui.huang/,chaohui.huang,現任
臺南市,第7選區（永康區）,陳秋萍,民主進步黨,https://www.facebook.com/chiuping.chen/,chiuping.chen,現任
臺南市,第7選區（永康區）,林冠維,無黨籍,https://www.facebook.com/kuanwei.lin/,kuanwei.lin,現任
臺南市,第7選區（永康區）,林燕祝,中國國民黨,https://www.facebook.com/tnyenchulin/,tnyenchulin,現任
臺南市,第7選區（永康區）,楊中成,台灣團結聯盟,https://www.facebook.com/chungcheng.yang/,chungcheng.yang,現任
臺南市,第7選區（永康區）,李鎮國,中國國民黨,https://www.facebook.com/chenkuo.lee/,chenkuo.lee,現任
臺南市,第8選區（北區、中西區）,沈震東,民主進步黨,https://www.facebook.com/shenzhendong.tainan/,shenzhendong.tainan,現任
臺南市,第8選區（北區、中西區）,邱莉莉,民主進步黨,https://www.facebook.com/tainan.lily/,tainan.lily,現任（議長）
臺南市,第8選區（北區、中西區）,陳怡珍,民主進步黨,https://www.facebook.com/chenyizhen588/,chenyizhen588,現任
臺南市,第8選區（北區、中西區）,周嘉韋,民主進步黨,https://www.facebook.com/chiawei.chou/,chiawei.chou,現任
臺南市,第8選區（北區、中西區）,蔡宗豪,中國國民黨,https://www.facebook.com/tsunghao.tsai/,tsunghao.tsai,現任
臺南市,第8選區（北區、中西區）,許至樁,中國國民黨,https://www.facebook.com/chihchuang.hsu/,chihchuang.hsu,現任
臺南市,第9選區（安平區、南區）,李啟維,民主進步黨,https://www.facebook.com/chiwei.lee/,chiwei.lee,現任
臺南市,第9選區（安平區、南區）,周麗津,民主進步黨,https://www.facebook.com/lichin.chou/,lichin.chou,現任
臺南市,第9選區（安平區、南區）,林依婷,民主進步黨,https://www.facebook.com/yiting.lin.fans/,yiting.lin.fans,現任
臺南市,第9選區（安平區、南區）,林美燕,中國國民黨,https://www.facebook.com/meiyan.lin/,meiyan.lin,現任
臺南市,第9選區（安平區、南區）,盧崑福,中國國民黨,https://www.facebook.com/kunfu.lu/,kunfu.lu,現任
臺南市,第9選區（安平區、南區）,蔡淑惠,中國國民黨,https://www.facebook.com/shuhui.tsai/,shuhui.tsai,現任
臺南市,第10選區（東區）,蔡筱薇,民主進步黨,https://www.facebook.com/hsiaowei.tsai/,hsiaowei.tsai,現任
臺南市,第10選區（東區）,曾培雅,中國國民黨,https://www.facebook.com/peiya.tseng/,peiya.tseng,現任
臺南市,第10選區（東區）,王家貞,中國國民黨,https://www.facebook.com/chiachen.wang/,chiachen.wang,現任
臺南市,第10選區（東區）,曾之婕,無黨籍,https://www.facebook.com/chihchieh.tseng/,chihchieh.tseng,現任
臺南市,第10選區（東區）,李宗霖,台灣基進,https://www.facebook.com/tsunglin.lee/,tsunglin.lee,現任
臺南市,第11選區（仁德、歸仁等4區）,郭鴻儀,民主進步黨,https://www.facebook.com/hungyi.kuo/,hungyi.kuo,現任
臺南市,第11選區（仁德、歸仁等4區）,鄭佳欣,民主進步黨,https://www.facebook.com/chiahsin.cheng/,chiahsin.cheng,現任
臺南市,第11選區（仁德、歸仁等4區）,陳皇宇,民主進步黨,https://www.facebook.com/huangyu.chen/,huangyu.chen,現任
臺南市,第11選區（仁德、歸仁等4區）,吳禹寰,無黨籍,https://www.facebook.com/yuhuan.wu/,yuhuan.wu,現任
臺南市,第11選區（仁德、歸仁等4區）,杜素吟,無黨籍,https://www.facebook.com/suyin.tu/,suyin.tu,現任
臺南市,第12選區（平地原住民）,穎艾達利,無黨籍,https://www.facebook.com/ingay.tali/,ingay.tali,現任
臺南市,第13選區（山地原住民）,施余興望,無黨籍,https://www.facebook.com/tjakumay.tagaw/,tjakumay.tagaw,現任
高雄市,第1選區（旗美等9區）,林富寶,民主進步黨,https://www.facebook.com/fupao.lin/,fupao.lin,現任
高雄市,第1選區（旗美等9區）,林義迪,中國國民黨,https://www.facebook.com/yiti.lin/,yiti.lin,現任
高雄市,第1選區（旗美等9區）,朱信強,無黨團結聯盟,https://www.facebook.com/hsinchiang.chu/,hsinchiang.chu,現任
高雄市,第2選區（茄萣、路竹等5區）,李亞築,中國國民黨,https://www.facebook.com/yachu.lee/,yachu.lee,現任
高雄市,第2選區（茄萣、路竹等5區）,黃明太,民主進步黨,https://www.facebook.com/mingtai.huang/,mingtai.huang,現任
高雄市,第2選區（茄萣、路竹等5區）,陳明澤,民主進步黨,https://www.facebook.com/mingtse.chen/,mingtse.chen,現任
高雄市,第3選區（岡山、橋頭等6區）,宋立彬,中國國民黨,https://www.facebook.com/lipin.sung/,lipin.sung,現任
高雄市,第3選區（岡山、橋頭等6區）,黃秋媖,民主進步黨,https://www.facebook.com/chiuying.huang/,chiuying.huang,現任
高雄市,第3選區（岡山、橋頭等6區）,林志誠,民主進步黨,https://www.facebook.com/chihcheng.lin/,chihcheng.lin,現任
高雄市,第3選區（岡山、橋頭等6區）,方信淵,中國國民黨,https://www.facebook.com/hsinyuan.fang/,hsinyuan.fang,現任
高雄市,第3選區（岡山、橋頭等6區）,陸淑美,中國國民黨,https://www.facebook.com/shumei.lu/,shumei.lu,現任
高雄市,第4選區（左營區、楠梓區）,白喬茵,中國國民黨,https://www.facebook.com/chiaoyinpai/,chiaoyinpai,現任
高雄市,第4選區（左營區、楠梓區）,陳善慧,無黨籍,https://www.facebook.com/shanhui.chen/,shanhui.chen,現任
高雄市,第4選區（左營區、楠梓區）,李柏毅(高雄),民主進步黨,https://www.facebook.com/poyi.lee.kh/,poyi.lee.kh,轉任立委
高雄市,第4選區（左營區、楠梓區）,陳麗珍,中國國民黨,https://www.facebook.com/lichen.chen/,lichen.chen,現任
高雄市,第4選區（左營區、楠梓區）,黃文志,民主進步黨,https://www.facebook.com/wenchih.huang/,wenchih.huang,現任
高雄市,第4選區（左營區、楠梓區）,李眉蓁,中國國民黨,https://www.facebook.com/kandesnwin2010/,kandesnwin2010,現任
高雄市,第4選區（左營區、楠梓區）,李雅芬,中國國民黨,https://www.facebook.com/yafen.lee/,yafen.lee,現任
高雄市,第4選區（左營區、楠梓區）,李雅慧,民主進步黨,https://www.facebook.com/yahui.lee/,yahui.lee,現任
高雄市,第4選區（左營區、楠梓區）,陳玫娟,中國國民黨,https://www.facebook.com/meichuan.chen/,meichuan.chen,現任
高雄市,第5選區（大社、仁武等4區）,江瑞鴻,民主進步黨,https://www.facebook.com/juihung.chiang/,juihung.chiang,現任
高雄市,第5選區（大社、仁武等4區）,張勝富,民主進步黨,https://www.facebook.com/shengfu.chang/,shengfu.chang,現任
高雄市,第5選區（大社、仁武等4區）,邱俊憲,民主進步黨,https://www.facebook.com/Kaohsiung.Chiu/,Kaohsiung.Chiu,現任
高雄市,第5選區（大社、仁武等4區）,黃飛鳳,中國國民黨,https://www.facebook.com/feifeng.huang/,feifeng.huang,現任
高雄市,第5選區（大社、仁武等4區）,吳利成,中國國民黨,https://www.facebook.com/licheng.wu/,licheng.wu,現任
高雄市,第6選區（鼓山、旗津、鹽埕）,簡煥宗,民主進步黨,https://www.facebook.com/ChienHuanTsung/,ChienHuanTsung,現任
高雄市,第6選區（鼓山、旗津、鹽埕）,蔡金晏,中國國民黨,https://www.facebook.com/chinyen.tsai/,chinyen.tsai,現任
高雄市,第6選區（鼓山、旗津、鹽埕）,陳美雅,中國國民黨,https://www.facebook.com/meiya.chen.fans/,meiya.chen.fans,現任
高雄市,第6選區（鼓山、旗津、鹽埕）,李喬如,民主進步黨,https://www.facebook.com/chiaoju.lee/,chiaoju.lee,現任
高雄市,第7選區（三民區）,黃柏霖,中國國民黨,https://www.facebook.com/polin.huang/,polin.huang,現任
高雄市,第7選區（三民區）,黃香菽,中國國民黨,https://www.facebook.com/hsiangshu.huang/,hsiangshu.huang,現任
高雄市,第7選區（三民區）,康裕成,民主進步黨,https://www.facebook.com/kangkang.fans/,kangkang.fans,現任（議長）
高雄市,第7選區（三民區）,張博洋,台灣基進,https://www.facebook.com/BoyangTaiwan/,BoyangTaiwan,現任
高雄市,第7選區（三民區）,鄭孟洳,民主進步黨,https://www.facebook.com/mengju.cheng/,mengju.cheng,現任
高雄市,第7選區（三民區）,何權峰,民主進步黨,https://www.facebook.com/chuanfeng.ho/,chuanfeng.ho,現任
高雄市,第7選區（三民區）,曾俊傑,無黨籍,https://www.facebook.com/chunchieh.tseng/,chunchieh.tseng,現任（副議長）
高雄市,第8選區（前金、新興、苓雅）,許采蓁,中國國民黨,https://www.facebook.com/tsaichen.hsu/,tsaichen.hsu,現任
高雄市,第8選區（前金、新興、苓雅）,黃文益,民主進步黨,https://www.facebook.com/wenyi.huang/,wenyi.huang,現任
高雄市,第8選區（前金、新興、苓雅）,湯詠瑜,民主進步黨,https://www.facebook.com/yungyu.tang/,yungyu.tang,現任
高雄市,第8選區（前金、新興、苓雅）,郭建盟,民主進步黨,https://www.facebook.com/chienmeng.kuo/,chienmeng.kuo,現任
高雄市,第8選區（前金、新興、苓雅）,吳益政,無黨籍,https://www.facebook.com/yicheng.wu/,yicheng.wu,現任（遞補）
高雄市,第9選區（鳳山區）,黃捷,民主進步黨,https://www.facebook.com/chieh.fans/,chieh.fans,轉任立委
高雄市,第9選區（鳳山區）,鍾易仲,中國國民黨,https://www.facebook.com/yichung.chung/,yichung.chung,現任
高雄市,第9選區（鳳山區）,李雅靜,中國國民黨,https://www.facebook.com/yajing.lee/,yajing.lee,現任
高雄市,第9選區（鳳山區）,劉德林,中國國民黨,https://www.facebook.com/telin.liu/,telin.liu,現任
高雄市,第9選區（鳳山區）,陳慧文,民主進步黨,https://www.facebook.com/huiwen.chen/,huiwen.chen,現任
高雄市,第9選區（鳳山區）,林智鴻,民主進步黨,https://www.facebook.com/chihhung.lin/,chihhung.lin,現任
高雄市,第9選區（鳳山區）,張漢忠,民主進步黨,https://www.facebook.com/hanchung.chang/,hanchung.chang,現任
高雄市,第9選區（鳳山區）,鄭安秝,中國國民黨,https://www.facebook.com/anli.cheng/,anli.cheng,現任
高雄市,第10選區（前鎮區、小港區）,鄭光峰,民主進步黨,https://www.facebook.com/kuangfeng.cheng/,kuangfeng.cheng,現任
高雄市,第10選區（前鎮區、小港區）,蔡武宏,中國國民黨,https://www.facebook.com/wuhung.tsai/,wuhung.tsai,現任
高雄市,第10選區（前鎮區、小港區）,李順進,無黨團結聯盟,https://www.facebook.com/shunjin.lee/,shunjin.lee,現任
高雄市,第10選區（前鎮區、小港區）,吳銘賜,民主進步黨,https://www.facebook.com/mingtsu.wu/,mingtsu.wu,現任
高雄市,第10選區（前鎮區、小港區）,黃彥毓,民主進步黨,https://www.facebook.com/yenyu.huang/,yenyu.huang,現任
高雄市,第10選區（前鎮區、小港區）,陳致中,民主進步黨,https://www.facebook.com/chihchung.chen/,chihchung.chen,解職/停權
高雄市,第10選區（前鎮區、小港區）,曾麗燕,中國國民黨,https://www.facebook.com/liyen.tseng/,liyen.tseng,現任
高雄市,第10選區（前鎮區、小港區）,陳麗娜,中國國民黨,https://www.facebook.com/lina.chen.fans/,lina.chen.fans,現任
高雄市,第11選區（大寮區、林園區）,李雨庭,民主進步黨,https://www.facebook.com/yuting.lee.fans/,yuting.lee.fans,現任
高雄市,第11選區（大寮區、林園區）,邱于軒,中國國民黨,https://www.facebook.com/yuhsuan.chiu/,yuhsuan.chiu,現任
高雄市,第11選區（大寮區、林園區）,王耀裕,中國國民黨,https://www.facebook.com/yaoyu.wang/,yaoyu.wang,現任
高雄市,第11選區（大寮區、林園區）,黃天煌,中國國民黨,https://www.facebook.com/tienhuang.huang/,tienhuang.huang,現任
高雄市,第12選區（平地原住民）,王義雄,中國國民黨,https://www.facebook.com/yihsiung.wang/,yihsiung.wang,現任
高雄市,第13選區（山地原住民）,陳幸富,無黨籍,https://www.facebook.com/hsingfu.chen/,hsingfu.chen,現任
高雄市,第14選區（山地原住民）,高忠德,無黨籍,https://www.facebook.com/chungte.kao/,chungte.kao,現任
高雄市,第15選區（山地原住民）,范織欽,無黨籍,https://www.facebook.com/chihchin.fan/,chihchin.fan,現任