委員,黨籍,表單頁名,頁面顯示名稱,結果,說明,追蹤者,網址
"丁學忠","中國國民黨","丁學忠","榮耀海線 丁學忠","✅ 名稱相符","","萬","https://www.facebook.com/ding.ding0628/"
"伍麗華Saidhai‧Tahovecahe","民主進步黨","伍麗華","伍麗華｜Saidai / Reseres","✅ 名稱相符","","萬","https://www.facebook.com/SaidaiWinForUS/"
"何欣純","民主進步黨","何欣純","何欣純","✅ 名稱相符","","萬","https://www.facebook.com/94achun/"
"傅崐萁","中國國民黨","傅崐萁","傅崐萁","✅ 名稱相符","","萬","https://www.facebook.com/Fu.KunChi/"
"劉建國","民主進步黨","劉建國","劉建國","✅ 名稱相符","","萬","https://www.facebook.com/liucnko.fans/"
"劉書彬","台灣民眾黨","劉書彬","台灣民眾黨","❌ 指向其他實體","台灣民眾黨（政黨粉專，27 萬追蹤）","萬","https://www.facebook.com/TPPfanpage/"
"吳宗憲","中國國民黨","吳宗憲","吳宗憲","✅ 名稱相符","","萬","https://www.facebook.com/jameswu88/"
"吳思瑤","民主進步黨","吳思瑤","Facebook","⚠️ 目前無法查看","FB 回「目前無法查看此內容」（可能已刪除、改名或限制分享對象）；www／m／about／photos 四種網址都一樣","","https://www.facebook.com/taipeineedyou"
"吳沛憶","民主進步黨","吳沛憶","吳沛憶","✅ 名稱相符","","萬","https://www.facebook.com/Pay1Pay1/"
"吳琪銘","民主進步黨","吳琪銘","吳琪銘 委員服務處","✅ 名稱相符","","1,336","https://www.facebook.com/p/%E5%90%B3%E7%90%AA%E9%8A%98-%E5%A7%94%E5%93%A1%E6%9C%8D%E5%8B%99%E8%99%95-100057143873265/"
"吳秉叡","民主進步黨","吳秉叡","吳秉叡","✅ 名稱相符","","萬","https://www.facebook.com/Wubray/"
"呂玉玲","中國國民黨","呂玉玲","呂玉玲","✅ 名稱相符","","萬","https://www.facebook.com/yuling616/"
"廖偉翔","中國國民黨","廖偉翔","廖偉翔","✅ 名稱相符","","萬","https://www.facebook.com/seanliao76/"
"廖先翔","中國國民黨","廖先翔","廖先翔","✅ 名稱相符","","萬","https://www.facebook.com/LIAOHSIENHSIANG/"
"張嘉郡","中國國民黨","張嘉郡","雲林新聞網","❌ 指向其他實體","雲林新聞網（媒體粉專，9 萬追蹤）","萬","https://www.facebook.com/YunLinynn20ch/"
"張宏陸","民主進步黨","張宏陸","張宏陸","✅ 名稱相符","","萬","https://www.facebook.com/hunglueball/"
"張智倫","中國國民黨","張智倫","張智倫","✅ 名稱相符","","萬","https://www.facebook.com/allenihelp/"
"張雅琳","民主進步黨","張雅琳","張雅琳 Ngalim Tiunn","✅ 名稱相符","","萬","https://www.facebook.com/NgalimTiunn/"
"徐富癸","民主進步黨","徐富癸","徐富癸 立法委員","✅ 名稱相符","","萬","https://www.facebook.com/p/%E5%BE%90%E5%AF%8C%E7%99%B8-%E7%AB%8B%E6%B3%95%E5%A7%94%E5%93%A1-61550108731805/"
"徐巧芯","中國國民黨","徐巧芯","徐巧芯","✅ 名稱相符","","萬","https://www.facebook.com/HsuChiaoHsin/"
"徐欣瑩","中國國民黨","徐欣瑩","徐欣瑩","✅ 名稱相符","","萬","https://www.facebook.com/shesinging.tw/"
"李坤城","民主進步黨","李坤城","李坤城","✅ 名稱相符","","萬","https://www.facebook.com/NewTaipeiCityCouncilor/"
"李彥秀","中國國民黨","李彥秀","李彥秀","✅ 名稱相符","","萬","https://www.facebook.com/ashow.tpe/"
"李昆澤","民主進步黨","李昆澤","李昆澤","✅ 名稱相符","","萬","https://www.facebook.com/power2tw/"
"李柏毅","民主進步黨","李柏毅","李柏毅 拚搏未來","✅ 名稱相符","","萬","https://www.facebook.com/poyi2014/"
"林俊憲","民主進步黨","林俊憲","林俊憲","✅ 名稱相符","","萬","https://www.facebook.com/seeklin/"
"林倩綺","中國國民黨","林倩綺","林倩綺 立法委員","✅ 名稱相符","","3,531","https://www.facebook.com/cclinchienchi/"
"林宜瑾","民主進步黨","林宜瑾","林時","❌ 指向其他實體","「林時」個人檔案（222 追蹤，數位創作者）","222","https://www.facebook.com/100070964465267/"
"林岱樺","民主進步黨","林岱樺","林岱樺","✅ 名稱相符","","萬","https://www.facebook.com/LinDaiHua/"
"林德福","中國國民黨","林德福","林德福","✅ 名稱相符","","萬","https://www.facebook.com/lintefu/"
"林思銘","中國國民黨","林思銘","立法委員 林思銘","✅ 名稱相符","","萬","https://www.facebook.com/linsm.hc/"
"林月琴","民主進步黨","林月琴","林月琴 Yueh-Chin | Taipei","✅ 名稱相符","","萬","https://www.facebook.com/yuehchin2023/"
"林楚茵","民主進步黨","林楚茵","立法委員 林楚茵","✅ 名稱相符","","萬","https://www.facebook.com/setchuyinlin/"
"林沛祥","中國國民黨","林沛祥","林沛祥","✅ 名稱相符","","萬","https://www.facebook.com/keelungup/"
"林淑芬","民主進步黨","林淑芬","林淑芬","✅ 名稱相符","","萬","https://www.facebook.com/linshufen.fans/"
"柯建銘","民主進步黨","柯建銘","柯建銘","✅ 名稱相符","","萬","https://www.facebook.com/kerchenming/"
"柯志恩","中國國民黨","柯志恩","柯志恩","✅ 名稱相符","","萬","https://www.facebook.com/KoChihEn/"
"楊曜","民主進步黨","楊曜","楊曜","✅ 名稱相符","","萬","https://www.facebook.com/penghu.yao/"
"楊瓊瓔","中國國民黨","楊瓊瓔","好立委 楊瓊瓔","✅ 名稱相符","","萬","https://www.facebook.com/YangChiungYing/"
"江啟臣","中國國民黨","江啟臣","江啟臣","✅ 名稱相符","","萬","https://www.facebook.com/johnnyccchiang/"
"沈伯洋","民主進步黨","沈伯洋","台北 沈伯洋","✅ 名稱相符","","萬","https://www.facebook.com/puma.taipei/"
"沈發惠","民主進步黨","沈發惠","立法委員 沈發惠","✅ 名稱相符","","6,367","https://www.facebook.com/shenfahui/"
"洪孟楷","中國國民黨","洪孟楷","洪孟楷","✅ 名稱相符","","萬","https://www.facebook.com/MongKaiHUNG/"
"洪毓祥","台灣民眾黨","洪毓祥","洪毓祥","✅ 名稱相符","","6,343","https://www.facebook.com/p/%E6%B4%AA%E6%AF%93%E7%A5%A5-61574801496666/"
"涂權吉","中國國民黨","涂權吉","涂權吉","✅ 名稱相符","","萬","https://www.facebook.com/agi0511/"
"游顥","中國國民黨","游顥","游顥","✅ 名稱相符","","萬","https://www.facebook.com/nantou.yuhao/"
"牛煦庭","中國國民黨","牛煦庭","國民黨青年團","❌ 指向其他實體","國民黨青年團（政治組織專頁，6.2 萬追蹤）","萬","https://www.facebook.com/kyoung.tw/"
"王世堅","民主進步黨","王世堅","王世堅","✅ 名稱相符","","萬","https://www.facebook.com/shihchien888/"
"王安祥","台灣民眾黨","王安祥","王安祥 立法委員","✅ 名稱相符","","2,662","https://www.facebook.com/61553639986147/"
"王定宇","民主進步黨","王定宇","王定宇","✅ 名稱相符","","萬","https://www.facebook.com/wdy19690305/"
"王正旭","民主進步黨","王正旭","醫師王正旭","✅ 名稱相符","","8,164","https://www.facebook.com/wch1956/"
"王美惠","民主進步黨","王美惠","立法委員 王美惠","✅ 名稱相符","","萬","https://www.facebook.com/ahueimoto/"
"王義川","民主進步黨","王義川","搶救王義川大兵","✅ 名稱相符","","萬","https://www.facebook.com/p/%E6%90%B6%E6%95%91%E7%8E%8B%E7%BE%A9%E5%B7%9D%E5%A4%A7%E5%85%B5-61553414626406/"
"王育敏","中國國民黨","王育敏","王育敏","✅ 名稱相符","","萬","https://www.facebook.com/WYMALICIA/"
"王鴻薇","中國國民黨","王鴻薇","王鴻薇","✅ 名稱相符","","萬","https://www.facebook.com/hungwei.org/"
"盧縣一","中國國民黨","盧縣一","Sasuyu Ruljuwan/盧縣一","✅ 名稱相符","","7,603","https://www.facebook.com/sasuyu.ruljuwan/"
"羅廷瑋","中國國民黨","羅廷瑋","羅廷瑋","✅ 名稱相符","","萬","https://www.facebook.com/taichunglolo/"
"羅明才","中國國民黨","羅明才","羅明才","✅ 名稱相符","","萬","https://www.facebook.com/mtlo.tw/"
"羅智強","中國國民黨","羅智強","羅智強","✅ 名稱相符","","萬","https://www.facebook.com/debatelo/"
"羅美玲","民主進步黨","羅美玲","立法委員 羅美玲","✅ 名稱相符","","萬","https://www.facebook.com/lowmeiling0501/"
"翁曉玲","中國國民黨","翁曉玲","Facebook","⚠️ 目前無法查看","FB 回「目前無法查看此內容」（可能已刪除、改名或限制分享對象）；www／m／about／photos 四種網址都一樣","","https://www.facebook.com/HsiaoLingWeng.tw/"
"范雲","民主進步黨","范雲","范雲 FAN, Yun","✅ 名稱相符","","萬","https://www.facebook.com/daan4fanyun/"
"莊瑞雄","民主進步黨","莊瑞雄","Facebook","⚠️ 目前無法查看","FB 回「目前無法查看此內容」（可能已刪除、改名或限制分享對象）；www／m／about／photos 四種網址都一樣","","https://www.facebook.com/chuang500/"
"萬美玲","中國國民黨","萬美玲","萬美玲","✅ 名稱相符","","萬","https://www.facebook.com/wanmeiling.tw/"
"葉元之","中國國民黨","葉元之","葉元之．板橋","✅ 名稱相符","","萬","https://www.facebook.com/yeh.seafood/"
"葛如鈞","中國國民黨","葛如鈞","科技立委葛如鈞","✅ 名稱相符","","萬","https://www.facebook.com/Dr.JuChunKO/"
"蔡其昌","民主進步黨","蔡其昌","蔡璋 (@tsaichihchang) • Facebook, Connect with friends","⚠️ 個人檔案／名稱待確認","個人檔案顯示「蔡璋」（slug tsaichihchang 為其羅馬拼音，但非粉專、名稱不符）","","https://www.facebook.com/tsaichihchang/"
"蔡易餘","民主進步黨","蔡易餘","蔡易餘 家己人","✅ 名稱相符","","萬","https://www.facebook.com/chiayionefish/"
"蔡春綢","台灣民眾黨","蔡春綢","蔡春綢","✅ 名稱相符","","6,082","https://www.facebook.com/TsaiChunChou/"
"蘇巧慧","民主進步黨","蘇巧慧","蘇巧慧","✅ 名稱相符","","萬","https://www.facebook.com/chiaohui.su/"
"蘇清泉","中國國民黨","蘇清泉","安泰醫療社團法人安泰醫院 | Pingtunghsien","❌ 指向其他實體","安泰醫療社團法人安泰醫院（醫院專頁，5,446 追蹤；他是創辦人但非委員粉專）","5,446","https://www.facebook.com/tsmh.antai/"
"許宇甄","中國國民黨","許宇甄","許宇甄 立法委員","✅ 名稱相符","","萬","https://www.facebook.com/p/%E8%A8%B1%E5%AE%87%E7%94%84-%E7%AB%8B%E6%B3%95%E5%A7%94%E5%93%A1-61568111112968/"
"許忠信","台灣民眾黨","許忠信","民視新聞","❌ 指向其他實體","民視新聞（媒體粉專，159 萬追蹤）","萬","https://www.facebook.com/FTVNews53/"
"許智傑","民主進步黨","許智傑","高雄小金剛許智傑","✅ 名稱相符","","萬","https://www.facebook.com/leer0105/"
"謝衣鳯","中國國民黨","謝衣鳯","謝衣鳯","✅ 名稱相符","","萬","https://www.facebook.com/HsiehYifong/"
"謝龍介","中國國民黨","謝龍介","謝龍介","✅ 名稱相符","","萬","https://www.facebook.com/TEL062268268/"
"賴士葆","中國國民黨","賴士葆","賴士葆","✅ 名稱相符","","萬","https://www.facebook.com/abao.tw/"
"賴惠員","民主進步黨","賴惠員","立法委員賴惠員","✅ 名稱相符","","萬","https://www.facebook.com/liahuiyuan/"
"賴瑞隆","民主進步黨","賴瑞隆","賴瑞隆","✅ 名稱相符","","萬","https://www.facebook.com/zenolai2/"
"邱志偉","民主進步黨","邱志偉","邱志偉","✅ 名稱相符","","萬","https://www.facebook.com/qiu.zhi.wei.567814/"
"邱慧洳","台灣民眾黨","邱慧洳","立法委員 邱慧洳","✅ 名稱相符","","萬","https://www.facebook.com/61587319024264/"
"邱若華","中國國民黨","邱若華","Facebook","⚠️ 目前無法查看","FB 回「目前無法查看此內容」（可能已刪除、改名或限制分享對象）；www／m／about／photos 四種網址都一樣","","https://www.facebook.com/chiujohua/"
"邱議瑩","民主進步黨","邱議瑩","登真-邱議瑩","✅ 名稱相符","","萬","https://www.facebook.com/denjen2020/"
"邱鎮軍","中國國民黨","邱鎮軍","邱鎮軍","✅ 名稱相符","","萬","https://www.facebook.com/chengchun1207/"
"郭國文","民主進步黨","郭國文","郭國文","✅ 名稱相符","","萬","https://www.facebook.com/gogowin2010/"
"郭昱晴","民主進步黨","郭昱晴","郭昱晴","✅ 名稱相符","","萬","https://www.facebook.com/jeankuo329/"
"鄭天財Sra Kacaw","中國國民黨","鄭天財","鄭天財","✅ 名稱相符","","萬","https://www.facebook.com/srakacaw/"
"鄭正鈐","中國國民黨","鄭正鈐","鄭正鈐","✅ 名稱相符","","萬","https://www.facebook.com/CCCHsinchu/"
"鍾佳濱","民主進步黨","鍾佳濱","鍾佳濱","✅ 名稱相符","","萬","https://www.facebook.com/cafe1965/"
"陳亭妃","民主進步黨","陳亭妃","陳亭妃","✅ 名稱相符","","萬","https://www.facebook.com/fififans/"
"陳俊宇","民主進步黨","陳俊宇","陳俊宇","✅ 名稱相符","","萬","https://www.facebook.com/chunyuyilan/"
"陳冠廷","民主進步黨","陳冠廷","陳冠廷 Kuan-Ting Chen","✅ 名稱相符","","萬","https://www.facebook.com/Kuantingvision/"
"陳培瑜","民主進步黨","陳培瑜","陳培瑜","✅ 名稱相符","","萬","https://www.facebook.com/peiyu901/"
"陳昭姿","台灣民眾黨","陳昭姿","陳昭姿","✅ 名稱相符","","萬","https://www.facebook.com/61556175590443/"
"陳永康","中國國民黨","陳永康","中國國民黨 KMT","❌ 指向其他實體","中國國民黨 KMT（政黨粉專，64 萬追蹤）","萬","https://www.facebook.com/mykmt/"
"陳清龍","台灣民眾黨","陳清龍","陳清龍(Jacky Chen)","✅ 名稱相符","","萬","https://www.facebook.com/jackylone"
"陳玉珍","中國國民黨","陳玉珍","陳玉珍 珍愛金門","✅ 名稱相符","","萬","https://www.facebook.com/KinmenMyLove/"
"陳瑩","民主進步黨","陳瑩","陳瑩（Ying Chen）","✅ 名稱相符","","萬","https://www.facebook.com/11YIG/"
"陳秀寳","民主進步黨","陳秀寳","陳秀寶 (@hsiupaochen) • Facebook, Connect with friends","⚠️ 個人檔案／名稱待確認","個人檔案顯示「陳秀寶」（寳／寶 異體字，同一人；但這是個人檔案不是粉專）","","https://www.facebook.com/hsiupao.chen/"
"陳素月","民主進步黨","陳素月","陳素月SayYes","✅ 名稱相符","","萬","https://www.facebook.com/chengSayYes/"
"陳菁徽","中國國民黨","陳菁徽","陳菁徽 | Kaohsiung","✅ 名稱相符","","萬","https://www.facebook.com/Dr.ChingHuiChen/"
"陳超明","無黨籍","陳超明","陳超明-阿明哥粉絲團","✅ 名稱相符","","萬","https://www.facebook.com/amingo1217/"
"陳雪生","中國國民黨","陳雪生","Balaram Harijan (@balaram.harijan.1460) • Facebook, Connect with friends","❌ 指向其他實體","Balaram Harijan 個人檔案（頁面 ID 已指向他人）","","https://www.facebook.com/p/%E9%99%B3%E9%9B%AA%E7%94%9F-100063745266187/"
"韓國瑜","中國國民黨","韓國瑜","韓國瑜","✅ 名稱相符","","萬","https://www.facebook.com/twherohan/"
"顏寬恒","中國國民黨","顏寬恒","Facebook","⚠️ 目前無法查看","FB 回「目前無法查看此內容」（可能已刪除、改名或限制分享對象）；www／m／about／photos 四種網址都一樣","","https://www.facebook.com/yenkuanheng/"
"馬文君","中國國民黨","馬文君","Facebook","⚠️ 目前無法查看","FB 回「目前無法查看此內容」（可能已刪除、改名或限制分享對象）；www／m／about／photos 四種網址都一樣","","https://www.facebook.com/nantou.go/"
"高金素梅","無黨籍","高金素梅","高金素梅(吉娃斯．阿麗)","✅ 名稱相符","","萬","https://www.facebook.com/giwas888/"
"魯明哲","中國國民黨","魯明哲","魯明哲","✅ 名稱相符","","萬","https://www.facebook.com/taoyuan.jackru/"
"黃仁","中國國民黨","黃仁","黃仁-kin cyang","✅ 名稱相符","","7,189","https://www.facebook.com/kincyang1/"
"黃健豪","中國國民黨","黃健豪","黃健豪","✅ 名稱相符","","萬","https://www.facebook.com/TCBetter/"
"黃建賓","中國國民黨","黃建賓","黃建賓","✅ 名稱相符","","萬","https://www.facebook.com/HCPTaitung/"
"黃捷","民主進步黨","黃捷","黃捷","✅ 名稱相符","","萬","https://www.facebook.com/KaohsiungHuangjie/"
"黃秀芳","民主進步黨","黃秀芳","Facebook","⚠️ 目前無法查看","FB 回「目前無法查看此內容」（可能已刪除、改名或限制分享對象）；www／m／about／photos 四種網址都一樣","","https://www.facebook.com/HuangShiouFang/"